fuente_sitio,dataset,url_origen,grupo,tema,fecha_extraccion,pais,region,periodo,indicador,categoria_energia,tecnologia,actor,item,valor,unidad
Our World in Data,share-electricity-low-carbon,https://ourworldindata.org/grapher/share-electricity-low-carbon,energia-y-sustentabilidad-1,Impacto ambiental de la energia,2026-05-01 16:28:16,Costa Rica,Internacional,2025,Porcentaje de electricidad baja en carbono,Electricidad baja en carbono,Renovables y nuclear,anggy jeraldo,Costa Rica - electricidad baja en carbono - 2025,100.0,% electricidad baja en carbono
Our World in Data,share-electricity-low-carbon,https://ourworldindata.org/grapher/share-electricity-low-carbon,energia-y-sustentabilidad-1,Impacto ambiental de la energia,2026-05-01 16:28:16,Ethiopia,Internacional,2025,Porcentaje de electricidad baja en carbono,Electricidad baja en carbono,Renovables y nuclear,anggy jeraldo,Ethiopia - electricidad baja en carbono - 2025,100.0,% electricidad baja en carbono
Our World in Data,share-electricity-low-carbon,https://ourworldindata.org/grapher/share-electricity-low-carbon,energia-y-sustentabilidad-1,Impacto ambiental de la energia,2026-05-01 16:28:16,Paraguay,Internacional,2025,Porcentaje de electricidad baja en carbono,Electricidad baja en carbono,Renovables y nuclear,anggy jeraldo,Paraguay - electricidad baja en carbono - 2025,100.0,% electricidad baja en carbono
Our World in Data,share-electricity-low-carbon,https://ourworldindata.org/grapher/share-electricity-low-carbon,energia-y-sustentabilidad-1,Impacto ambiental de la energia,2026-05-01 16:28:16,Norway,Internacional,2025,Porcentaje de electricidad baja en carbono,Electricidad baja en carbono,Renovables y nuclear,anggy jeraldo,Norway - electricidad baja en carbono - 2025,98.99882,% electricidad baja en carbono
Our World in Data,share-electricity-low-carbon,https://ourworldindata.org/grapher/share-electricity-low-carbon,energia-y-sustentabilidad-1,Impacto ambiental de la energia,2026-05-01 16:28:16,Sweden,Internacional,2025,Porcentaje de electricidad baja en carbono,Electricidad baja en carbono,Renovables y nuclear,anggy jeraldo,Sweden - electricidad baja en carbono - 2025,98.781555,% electricidad baja en carbono
Our World in Data,share-electricity-low-carbon,https://ourworldindata.org/grapher/share-electricity-low-carbon,energia-y-sustentabilidad-1,Impacto ambiental de la energia,2026-05-01 16:28:16,Uruguay,Internacional,2025,Porcentaje de electricidad baja en carbono,Electricidad baja en carbono,Renovables y nuclear,anggy jeraldo,Uruguay - electricidad baja en carbono - 2025,97.82245,% electricidad baja en carbono
Our World in Data,share-electricity-low-carbon,https://ourworldindata.org/grapher/share-electricity-low-carbon,energia-y-sustentabilidad-1,Impacto ambiental de la energia,2026-05-01 16:28:16,Switzerland,Internacional,2025,Porcentaje de electricidad baja en carbono,Electricidad baja en carbono,Renovables y nuclear,anggy jeraldo,Switzerland - electricidad baja en carbono - 2025,97.69302,% electricidad baja en carbono
Our World in Data,share-electricity-low-carbon,https://ourworldindata.org/grapher/share-electricity-low-carbon,energia-y-sustentabilidad-1,Impacto ambiental de la energia,2026-05-01 16:28:16,Finland,Internacional,2025,Porcentaje de electricidad baja en carbono,Electricidad baja en carbono,Renovables y nuclear,anggy jeraldo,Finland - electricidad baja en carbono - 2025,96.34264,% electricidad baja en carbono
Our World in Data,share-electricity-low-carbon,https://ourworldindata.org/grapher/share-electricity-low-carbon,energia-y-sustentabilidad-1,Impacto ambiental de la energia,2026-05-01 16:28:16,France,Internacional,2025,Porcentaje de electricidad baja en carbono,Electricidad baja en carbono,Renovables y nuclear,anggy jeraldo,France - electricidad baja en carbono - 2025,94.8507,% electricidad baja en carbono
Our World in Data,share-electricity-low-carbon,https://ourworldindata.org/grapher/share-electricity-low-carbon,energia-y-sustentabilidad-1,Impacto ambiental de la energia,2026-05-01 16:28:16,Tajikistan,Internacional,2025,Porcentaje de electricidad baja en carbono,Electricidad baja en carbono,Renovables y nuclear,anggy jeraldo,Tajikistan - electricidad baja en carbono - 2025,94.36563,% electricidad baja en carbono
Our World in Data,share-electricity-low-carbon,https://ourworldindata.org/grapher/share-electricity-low-carbon,energia-y-sustentabilidad-1,Impacto ambiental de la energia,2026-05-01 16:28:16,Luxembourg,Internacional,2025,Porcentaje de electricidad baja en carbono,Electricidad baja en carbono,Renovables y nuclear,anggy jeraldo,Luxembourg - electricidad baja en carbono - 2025,91.55844,% electricidad baja en carbono
Our World in Data,share-electricity-low-carbon,https://ourworldindata.org/grapher/share-electricity-low-carbon,energia-y-sustentabilidad-1,Impacto ambiental de la energia,2026-05-01 16:28:16,Denmark,Internacional,2025,Porcentaje de electricidad baja en carbono,Electricidad baja en carbono,Renovables y nuclear,anggy jeraldo,Denmark - electricidad baja en carbono - 2025,91.17117,% electricidad baja en carbono
Our World in Data,share-electricity-low-carbon,https://ourworldindata.org/grapher/share-electricity-low-carbon,energia-y-sustentabilidad-1,Impacto ambiental de la energia,2026-05-01 16:28:16,Kenya,Internacional,2025,Porcentaje de electricidad baja en carbono,Electricidad baja en carbono,Renovables y nuclear,anggy jeraldo,Kenya - electricidad baja en carbono - 2025,90.028496,% electricidad baja en carbono
Our World in Data,share-electricity-low-carbon,https://ourworldindata.org/grapher/share-electricity-low-carbon,energia-y-sustentabilidad-1,Impacto ambiental de la energia,2026-05-01 16:28:16,Brazil,Internacional,2025,Porcentaje de electricidad baja en carbono,Electricidad baja en carbono,Renovables y nuclear,anggy jeraldo,Brazil - electricidad baja en carbono - 2025,88.71597,% electricidad baja en carbono
Our World in Data,share-electricity-low-carbon,https://ourworldindata.org/grapher/share-electricity-low-carbon,energia-y-sustentabilidad-1,Impacto ambiental de la energia,2026-05-01 16:28:16,New Zealand,Internacional,2025,Porcentaje de electricidad baja en carbono,Electricidad baja en carbono,Renovables y nuclear,anggy jeraldo,New Zealand - electricidad baja en carbono - 2025,88.53253,% electricidad baja en carbono
Our World in Data,share-electricity-low-carbon,https://ourworldindata.org/grapher/share-electricity-low-carbon,energia-y-sustentabilidad-1,Impacto ambiental de la energia,2026-05-01 16:28:16,El Salvador,Internacional,2025,Porcentaje de electricidad baja en carbono,Electricidad baja en carbono,Renovables y nuclear,anggy jeraldo,El Salvador - electricidad baja en carbono - 2025,86.53251,% electricidad baja en carbono
Our World in Data,share-electricity-low-carbon,https://ourworldindata.org/grapher/share-electricity-low-carbon,energia-y-sustentabilidad-1,Impacto ambiental de la energia,2026-05-01 16:28:16,Slovakia,Internacional,2025,Porcentaje de electricidad baja en carbono,Electricidad baja en carbono,Renovables y nuclear,anggy jeraldo,Slovakia - electricidad baja en carbono - 2025,85.15464,% electricidad baja en carbono
Our World in Data,share-electricity-low-carbon,https://ourworldindata.org/grapher/share-electricity-low-carbon,energia-y-sustentabilidad-1,Impacto ambiental de la energia,2026-05-01 16:28:16,Kyrgyzstan,Internacional,2025,Porcentaje de electricidad baja en carbono,Electricidad baja en carbono,Renovables y nuclear,anggy jeraldo,Kyrgyzstan - electricidad baja en carbono - 2025,84.7275,% electricidad baja en carbono
Our World in Data,share-electricity-low-carbon,https://ourworldindata.org/grapher/share-electricity-low-carbon,energia-y-sustentabilidad-1,Impacto ambiental de la energia,2026-05-01 16:28:16,Austria,Internacional,2025,Porcentaje de electricidad baja en carbono,Electricidad baja en carbono,Renovables y nuclear,anggy jeraldo,Austria - electricidad baja en carbono - 2025,83.597374,% electricidad baja en carbono
Our World in Data,share-electricity-low-carbon,https://ourworldindata.org/grapher/share-electricity-low-carbon,energia-y-sustentabilidad-1,Impacto ambiental de la energia,2026-05-01 16:28:16,Portugal,Internacional,2025,Porcentaje de electricidad baja en carbono,Electricidad baja en carbono,Renovables y nuclear,anggy jeraldo,Portugal - electricidad baja en carbono - 2025,80.950516,% electricidad baja en carbono
Our World in Data,share-electricity-low-carbon,https://ourworldindata.org/grapher/share-electricity-low-carbon,energia-y-sustentabilidad-1,Impacto ambiental de la energia,2026-05-01 16:28:16,Georgia,Internacional,2025,Porcentaje de electricidad baja en carbono,Electricidad baja en carbono,Renovables y nuclear,anggy jeraldo,Georgia - electricidad baja en carbono - 2025,79.62963,% electricidad baja en carbono
Our World in Data,share-electricity-low-carbon,https://ourworldindata.org/grapher/share-electricity-low-carbon,energia-y-sustentabilidad-1,Impacto ambiental de la energia,2026-05-01 16:28:16,Ecuador,Internacional,2025,Porcentaje de electricidad baja en carbono,Electricidad baja en carbono,Renovables y nuclear,anggy jeraldo,Ecuador - electricidad baja en carbono - 2025,79.39891,% electricidad baja en carbono
Our World in Data,share-electricity-low-carbon,https://ourworldindata.org/grapher/share-electricity-low-carbon,energia-y-sustentabilidad-1,Impacto ambiental de la energia,2026-05-01 16:28:16,Slovenia,Internacional,2025,Porcentaje de electricidad baja en carbono,Electricidad baja en carbono,Renovables y nuclear,anggy jeraldo,Slovenia - electricidad baja en carbono - 2025,78.908356,% electricidad baja en carbono
Our World in Data,share-electricity-low-carbon,https://ourworldindata.org/grapher/share-electricity-low-carbon,energia-y-sustentabilidad-1,Impacto ambiental de la energia,2026-05-01 16:28:16,Lithuania,Internacional,2025,Porcentaje de electricidad baja en carbono,Electricidad baja en carbono,Renovables y nuclear,anggy jeraldo,Lithuania - electricidad baja en carbono - 2025,77.615295,% electricidad baja en carbono
Our World in Data,share-electricity-low-carbon,https://ourworldindata.org/grapher/share-electricity-low-carbon,energia-y-sustentabilidad-1,Impacto ambiental de la energia,2026-05-01 16:28:16,Colombia,Internacional,2025,Porcentaje de electricidad baja en carbono,Electricidad baja en carbono,Renovables y nuclear,anggy jeraldo,Colombia - electricidad baja en carbono - 2025,77.02523,% electricidad baja en carbono
Our World in Data,share-electricity-low-carbon,https://ourworldindata.org/grapher/share-electricity-low-carbon,energia-y-sustentabilidad-1,Impacto ambiental de la energia,2026-05-01 16:28:16,Canada,Internacional,2025,Porcentaje de electricidad baja en carbono,Electricidad baja en carbono,Renovables y nuclear,anggy jeraldo,Canada - electricidad baja en carbono - 2025,76.977196,% electricidad baja en carbono
Our World in Data,share-electricity-low-carbon,https://ourworldindata.org/grapher/share-electricity-low-carbon,energia-y-sustentabilidad-1,Impacto ambiental de la energia,2026-05-01 16:28:16,Croatia,Internacional,2025,Porcentaje de electricidad baja en carbono,Electricidad baja en carbono,Renovables y nuclear,anggy jeraldo,Croatia - electricidad baja en carbono - 2025,76.25851,% electricidad baja en carbono
Our World in Data,share-electricity-low-carbon,https://ourworldindata.org/grapher/share-electricity-low-carbon,energia-y-sustentabilidad-1,Impacto ambiental de la energia,2026-05-01 16:28:16,Montenegro,Internacional,2025,Porcentaje de electricidad baja en carbono,Electricidad baja en carbono,Renovables y nuclear,anggy jeraldo,Montenegro - electricidad baja en carbono - 2025,75.60976,% electricidad baja en carbono
Our World in Data,share-electricity-low-carbon,https://ourworldindata.org/grapher/share-electricity-low-carbon,energia-y-sustentabilidad-1,Impacto ambiental de la energia,2026-05-01 16:28:16,Hungary,Internacional,2025,Porcentaje de electricidad baja en carbono,Electricidad baja en carbono,Renovables y nuclear,anggy jeraldo,Hungary - electricidad baja en carbono - 2025,75.32306,% electricidad baja en carbono
Our World in Data,share-electricity-low-carbon,https://ourworldindata.org/grapher/share-electricity-low-carbon,energia-y-sustentabilidad-1,Impacto ambiental de la energia,2026-05-01 16:28:16,Spain,Internacional,2025,Porcentaje de electricidad baja en carbono,Electricidad baja en carbono,Renovables y nuclear,anggy jeraldo,Spain - electricidad baja en carbono - 2025,74.63962,% electricidad baja en carbono
Our World in Data,share-electricity-low-carbon,https://ourworldindata.org/grapher/share-electricity-low-carbon,energia-y-sustentabilidad-1,Impacto ambiental de la energia,2026-05-01 16:28:16,Latvia,Internacional,2025,Porcentaje de electricidad baja en carbono,Electricidad baja en carbono,Renovables y nuclear,anggy jeraldo,Latvia - electricidad baja en carbono - 2025,73.04625,% electricidad baja en carbono
Our World in Data,share-electricity-low-carbon,https://ourworldindata.org/grapher/share-electricity-low-carbon,energia-y-sustentabilidad-1,Impacto ambiental de la energia,2026-05-01 16:28:16,Belgium,Internacional,2025,Porcentaje de electricidad baja en carbono,Electricidad baja en carbono,Renovables y nuclear,anggy jeraldo,Belgium - electricidad baja en carbono - 2025,72.01263,% electricidad baja en carbono
Our World in Data,share-electricity-low-carbon,https://ourworldindata.org/grapher/share-electricity-low-carbon,energia-y-sustentabilidad-1,Impacto ambiental de la energia,2026-05-01 16:28:16,Bulgaria,Internacional,2025,Porcentaje de electricidad baja en carbono,Electricidad baja en carbono,Renovables y nuclear,anggy jeraldo,Bulgaria - electricidad baja en carbono - 2025,71.91781,% electricidad baja en carbono
Our World in Data,share-electricity-low-carbon,https://ourworldindata.org/grapher/share-electricity-low-carbon,energia-y-sustentabilidad-1,Impacto ambiental de la energia,2026-05-01 16:28:16,EU (Ember),Internacional,2025,Porcentaje de electricidad baja en carbono,Electricidad baja en carbono,Renovables y nuclear,anggy jeraldo,EU (Ember) - electricidad baja en carbono - 2025,71.052055,% electricidad baja en carbono
Our World in Data,share-electricity-low-carbon,https://ourworldindata.org/grapher/share-electricity-low-carbon,energia-y-sustentabilidad-1,Impacto ambiental de la energia,2026-05-01 16:28:16,European Union (27),Internacional,2025,Porcentaje de electricidad baja en carbono,Electricidad baja en carbono,Renovables y nuclear,anggy jeraldo,European Union (27) - electricidad baja en carbono - 2025,71.052055,% electricidad baja en carbono
Our World in Data,share-electricity-low-carbon,https://ourworldindata.org/grapher/share-electricity-low-carbon,energia-y-sustentabilidad-1,Impacto ambiental de la energia,2026-05-01 16:28:16,Romania,Internacional,2025,Porcentaje de electricidad baja en carbono,Electricidad baja en carbono,Renovables y nuclear,anggy jeraldo,Romania - electricidad baja en carbono - 2025,67.51656,% electricidad baja en carbono
Our World in Data,share-electricity-low-carbon,https://ourworldindata.org/grapher/share-electricity-low-carbon,energia-y-sustentabilidad-1,Impacto ambiental de la energia,2026-05-01 16:28:16,Chile,Internacional,2025,Porcentaje de electricidad baja en carbono,Electricidad baja en carbono,Renovables y nuclear,anggy jeraldo,Chile - electricidad baja en carbono - 2025,66.37289,% electricidad baja en carbono
Our World in Data,share-electricity-low-carbon,https://ourworldindata.org/grapher/share-electricity-low-carbon,energia-y-sustentabilidad-1,Impacto ambiental de la energia,2026-05-01 16:28:16,Armenia,Internacional,2025,Porcentaje de electricidad baja en carbono,Electricidad baja en carbono,Renovables y nuclear,anggy jeraldo,Armenia - electricidad baja en carbono - 2025,65.946495,% electricidad baja en carbono
Our World in Data,share-electricity-low-carbon,https://ourworldindata.org/grapher/share-electricity-low-carbon,energia-y-sustentabilidad-1,Impacto ambiental de la energia,2026-05-01 16:28:16,Latin America and Caribbean (Ember),Internacional,2025,Porcentaje de electricidad baja en carbono,Electricidad baja en carbono,Renovables y nuclear,anggy jeraldo,Latin America and Caribbean (Ember) - electricidad baja en carbono - 2025,65.46721,% electricidad baja en carbono
Our World in Data,share-electricity-low-carbon,https://ourworldindata.org/grapher/share-electricity-low-carbon,energia-y-sustentabilidad-1,Impacto ambiental de la energia,2026-05-01 16:28:16,United Kingdom,Internacional,2025,Porcentaje de electricidad baja en carbono,Electricidad baja en carbono,Renovables y nuclear,anggy jeraldo,United Kingdom - electricidad baja en carbono - 2025,64.417915,% electricidad baja en carbono
Our World in Data,share-electricity-low-carbon,https://ourworldindata.org/grapher/share-electricity-low-carbon,energia-y-sustentabilidad-1,Impacto ambiental de la energia,2026-05-01 16:28:16,Peru,Internacional,2025,Porcentaje de electricidad baja en carbono,Electricidad baja en carbono,Renovables y nuclear,anggy jeraldo,Peru - electricidad baja en carbono - 2025,63.649902,% electricidad baja en carbono
Our World in Data,share-electricity-low-carbon,https://ourworldindata.org/grapher/share-electricity-low-carbon,energia-y-sustentabilidad-1,Impacto ambiental de la energia,2026-05-01 16:28:16,Europe,Internacional,2025,Porcentaje de electricidad baja en carbono,Electricidad baja en carbono,Renovables y nuclear,anggy jeraldo,Europe - electricidad baja en carbono - 2025,61.952686,% electricidad baja en carbono
Our World in Data,share-electricity-low-carbon,https://ourworldindata.org/grapher/share-electricity-low-carbon,energia-y-sustentabilidad-1,Impacto ambiental de la energia,2026-05-01 16:28:16,Sri Lanka,Internacional,2025,Porcentaje de electricidad baja en carbono,Electricidad baja en carbono,Renovables y nuclear,anggy jeraldo,Sri Lanka - electricidad baja en carbono - 2025,61.623188,% electricidad baja en carbono
Our World in Data,share-electricity-low-carbon,https://ourworldindata.org/grapher/share-electricity-low-carbon,energia-y-sustentabilidad-1,Impacto ambiental de la energia,2026-05-01 16:28:16,Europe (Ember),Internacional,2025,Porcentaje de electricidad baja en carbono,Electricidad baja en carbono,Renovables y nuclear,anggy jeraldo,Europe (Ember) - electricidad baja en carbono - 2025,61.140915,% electricidad baja en carbono
Our World in Data,share-electricity-low-carbon,https://ourworldindata.org/grapher/share-electricity-low-carbon,energia-y-sustentabilidad-1,Impacto ambiental de la energia,2026-05-01 16:28:16,Estonia,Internacional,2025,Porcentaje de electricidad baja en carbono,Electricidad baja en carbono,Renovables y nuclear,anggy jeraldo,Estonia - electricidad baja en carbono - 2025,59.574467,% electricidad baja en carbono
Our World in Data,share-electricity-low-carbon,https://ourworldindata.org/grapher/share-electricity-low-carbon,energia-y-sustentabilidad-1,Impacto ambiental de la energia,2026-05-01 16:28:16,Czechia,Internacional,2025,Porcentaje de electricidad baja en carbono,Electricidad baja en carbono,Renovables y nuclear,anggy jeraldo,Czechia - electricidad baja en carbono - 2025,59.152317,% electricidad baja en carbono
Our World in Data,share-electricity-low-carbon,https://ourworldindata.org/grapher/share-electricity-low-carbon,energia-y-sustentabilidad-1,Impacto ambiental de la energia,2026-05-01 16:28:16,Germany,Internacional,2025,Porcentaje de electricidad baja en carbono,Electricidad baja en carbono,Renovables y nuclear,anggy jeraldo,Germany - electricidad baja en carbono - 2025,59.09245,% electricidad baja en carbono
Our World in Data,share-electricity-low-carbon,https://ourworldindata.org/grapher/share-electricity-low-carbon,energia-y-sustentabilidad-1,Impacto ambiental de la energia,2026-05-01 16:28:16,Pakistan,Internacional,2025,Porcentaje de electricidad baja en carbono,Electricidad baja en carbono,Renovables y nuclear,anggy jeraldo,Pakistan - electricidad baja en carbono - 2025,54.904373,% electricidad baja en carbono
Our World in Data,share-electricity-low-carbon,https://ourworldindata.org/grapher/share-electricity-low-carbon,energia-y-sustentabilidad-1,Impacto ambiental de la energia,2026-05-01 16:28:16,Netherlands,Internacional,2025,Porcentaje de electricidad baja en carbono,Electricidad baja en carbono,Renovables y nuclear,anggy jeraldo,Netherlands - electricidad baja en carbono - 2025,54.15678,% electricidad baja en carbono
Our World in Data,share-electricity-low-carbon,https://ourworldindata.org/grapher/share-electricity-low-carbon,energia-y-sustentabilidad-1,Impacto ambiental de la energia,2026-05-01 16:28:16,OECD (Ember),Internacional,2025,Porcentaje de electricidad baja en carbono,Electricidad baja en carbono,Renovables y nuclear,anggy jeraldo,OECD (Ember) - electricidad baja en carbono - 2025,52.138012,% electricidad baja en carbono
Our World in Data,share-electricity-low-carbon,https://ourworldindata.org/grapher/share-electricity-low-carbon,energia-y-sustentabilidad-1,Impacto ambiental de la energia,2026-05-01 16:28:16,G7 (Ember),Internacional,2025,Porcentaje de electricidad baja en carbono,Electricidad baja en carbono,Renovables y nuclear,anggy jeraldo,G7 (Ember) - electricidad baja en carbono - 2025,50.276325,% electricidad baja en carbono
Our World in Data,share-electricity-low-carbon,https://ourworldindata.org/grapher/share-electricity-low-carbon,energia-y-sustentabilidad-1,Impacto ambiental de la energia,2026-05-01 16:28:16,Greece,Internacional,2025,Porcentaje de electricidad baja en carbono,Electricidad baja en carbono,Renovables y nuclear,anggy jeraldo,Greece - electricidad baja en carbono - 2025,49.699673,% electricidad baja en carbono
Our World in Data,share-electricity-low-carbon,https://ourworldindata.org/grapher/share-electricity-low-carbon,energia-y-sustentabilidad-1,Impacto ambiental de la energia,2026-05-01 16:28:16,Italy,Internacional,2025,Porcentaje de electricidad baja en carbono,Electricidad baja en carbono,Renovables y nuclear,anggy jeraldo,Italy - electricidad baja en carbono - 2025,48.77597,% electricidad baja en carbono
Our World in Data,share-electricity-low-carbon,https://ourworldindata.org/grapher/share-electricity-low-carbon,energia-y-sustentabilidad-1,Impacto ambiental de la energia,2026-05-01 16:28:16,Ireland,Internacional,2025,Porcentaje de electricidad baja en carbono,Electricidad baja en carbono,Renovables y nuclear,anggy jeraldo,Ireland - electricidad baja en carbono - 2025,48.142162,% electricidad baja en carbono
Our World in Data,share-electricity-low-carbon,https://ourworldindata.org/grapher/share-electricity-low-carbon,energia-y-sustentabilidad-1,Impacto ambiental de la energia,2026-05-01 16:28:16,North America (Ember),Internacional,2025,Porcentaje de electricidad baja en carbono,Electricidad baja en carbono,Renovables y nuclear,anggy jeraldo,North America (Ember) - electricidad baja en carbono - 2025,47.291615,% electricidad baja en carbono
Our World in Data,share-electricity-low-carbon,https://ourworldindata.org/grapher/share-electricity-low-carbon,energia-y-sustentabilidad-1,Impacto ambiental de la energia,2026-05-01 16:28:16,North Macedonia,Internacional,2025,Porcentaje de electricidad baja en carbono,Electricidad baja en carbono,Renovables y nuclear,anggy jeraldo,North Macedonia - electricidad baja en carbono - 2025,47.214077,% electricidad baja en carbono
Our World in Data,share-electricity-low-carbon,https://ourworldindata.org/grapher/share-electricity-low-carbon,energia-y-sustentabilidad-1,Impacto ambiental de la energia,2026-05-01 16:28:16,Vietnam,Internacional,2025,Porcentaje de electricidad baja en carbono,Electricidad baja en carbono,Renovables y nuclear,anggy jeraldo,Vietnam - electricidad baja en carbono - 2025,45.417595,% electricidad baja en carbono
Our World in Data,share-electricity-low-carbon,https://ourworldindata.org/grapher/share-electricity-low-carbon,energia-y-sustentabilidad-1,Impacto ambiental de la energia,2026-05-01 16:28:16,Oceania (Ember),Internacional,2025,Porcentaje de electricidad baja en carbono,Electricidad baja en carbono,Renovables y nuclear,anggy jeraldo,Oceania (Ember) - electricidad baja en carbono - 2025,44.52303,% electricidad baja en carbono
Our World in Data,share-electricity-low-carbon,https://ourworldindata.org/grapher/share-electricity-low-carbon,energia-y-sustentabilidad-1,Impacto ambiental de la energia,2026-05-01 16:28:16,G20 (Ember),Internacional,2025,Porcentaje de electricidad baja en carbono,Electricidad baja en carbono,Renovables y nuclear,anggy jeraldo,G20 (Ember) - electricidad baja en carbono - 2025,44.10438,% electricidad baja en carbono
Our World in Data,share-electricity-low-carbon,https://ourworldindata.org/grapher/share-electricity-low-carbon,energia-y-sustentabilidad-1,Impacto ambiental de la energia,2026-05-01 16:28:16,Bosnia and Herzegovina,Internacional,2025,Porcentaje de electricidad baja en carbono,Electricidad baja en carbono,Renovables y nuclear,anggy jeraldo,Bosnia and Herzegovina - electricidad baja en carbono - 2025,43.55956,% electricidad baja en carbono
Our World in Data,share-electricity-low-carbon,https://ourworldindata.org/grapher/share-electricity-low-carbon,energia-y-sustentabilidad-1,Impacto ambiental de la energia,2026-05-01 16:28:16,Turkey,Internacional,2025,Porcentaje de electricidad baja en carbono,Electricidad baja en carbono,Renovables y nuclear,anggy jeraldo,Turkey - electricidad baja en carbono - 2025,43.257225,% electricidad baja en carbono
Our World in Data,share-electricity-low-carbon,https://ourworldindata.org/grapher/share-electricity-low-carbon,energia-y-sustentabilidad-1,Impacto ambiental de la energia,2026-05-01 16:28:16,United States,Internacional,2025,Porcentaje de electricidad baja en carbono,Electricidad baja en carbono,Renovables y nuclear,anggy jeraldo,United States - electricidad baja en carbono - 2025,43.001553,% electricidad baja en carbono
Our World in Data,share-electricity-low-carbon,https://ourworldindata.org/grapher/share-electricity-low-carbon,energia-y-sustentabilidad-1,Impacto ambiental de la energia,2026-05-01 16:28:16,World,Internacional,2025,Porcentaje de electricidad baja en carbono,Electricidad baja en carbono,Renovables y nuclear,anggy jeraldo,World - electricidad baja en carbono - 2025,42.609562,% electricidad baja en carbono
Our World in Data,share-electricity-low-carbon,https://ourworldindata.org/grapher/share-electricity-low-carbon,energia-y-sustentabilidad-1,Impacto ambiental de la energia,2026-05-01 16:28:16,China,Internacional,2025,Porcentaje de electricidad baja en carbono,Electricidad baja en carbono,Renovables y nuclear,anggy jeraldo,China - electricidad baja en carbono - 2025,41.651043,% electricidad baja en carbono
Our World in Data,share-electricity-low-carbon,https://ourworldindata.org/grapher/share-electricity-low-carbon,energia-y-sustentabilidad-1,Impacto ambiental de la energia,2026-05-01 16:28:16,Argentina,Internacional,2025,Porcentaje de electricidad baja en carbono,Electricidad baja en carbono,Renovables y nuclear,anggy jeraldo,Argentina - electricidad baja en carbono - 2025,41.60627,% electricidad baja en carbono
Our World in Data,share-electricity-low-carbon,https://ourworldindata.org/grapher/share-electricity-low-carbon,energia-y-sustentabilidad-1,Impacto ambiental de la energia,2026-05-01 16:28:16,Belarus,Internacional,2025,Porcentaje de electricidad baja en carbono,Electricidad baja en carbono,Renovables y nuclear,anggy jeraldo,Belarus - electricidad baja en carbono - 2025,41.427647,% electricidad baja en carbono
Our World in Data,share-electricity-low-carbon,https://ourworldindata.org/grapher/share-electricity-low-carbon,energia-y-sustentabilidad-1,Impacto ambiental de la energia,2026-05-01 16:28:16,Cambodia,Internacional,2025,Porcentaje de electricidad baja en carbono,Electricidad baja en carbono,Renovables y nuclear,anggy jeraldo,Cambodia - electricidad baja en carbono - 2025,40.87838,% electricidad baja en carbono
Our World in Data,share-electricity-low-carbon,https://ourworldindata.org/grapher/share-electricity-low-carbon,energia-y-sustentabilidad-1,Impacto ambiental de la energia,2026-05-01 16:28:16,South Korea,Internacional,2025,Porcentaje de electricidad baja en carbono,Electricidad baja en carbono,Renovables y nuclear,anggy jeraldo,South Korea - electricidad baja en carbono - 2025,39.95774,% electricidad baja en carbono
Our World in Data,share-electricity-low-carbon,https://ourworldindata.org/grapher/share-electricity-low-carbon,energia-y-sustentabilidad-1,Impacto ambiental de la energia,2026-05-01 16:28:16,Australia,Internacional,2025,Porcentaje de electricidad baja en carbono,Electricidad baja en carbono,Renovables y nuclear,anggy jeraldo,Australia - electricidad baja en carbono - 2025,38.618427,% electricidad baja en carbono
Our World in Data,share-electricity-low-carbon,https://ourworldindata.org/grapher/share-electricity-low-carbon,energia-y-sustentabilidad-1,Impacto ambiental de la energia,2026-05-01 16:28:16,Asia (Ember),Internacional,2025,Porcentaje de electricidad baja en carbono,Electricidad baja en carbono,Renovables y nuclear,anggy jeraldo,Asia (Ember) - electricidad baja en carbono - 2025,37.12723,% electricidad baja en carbono
Our World in Data,share-electricity-low-carbon,https://ourworldindata.org/grapher/share-electricity-low-carbon,energia-y-sustentabilidad-1,Impacto ambiental de la energia,2026-05-01 16:28:16,Bolivia,Internacional,2025,Porcentaje de electricidad baja en carbono,Electricidad baja en carbono,Renovables y nuclear,anggy jeraldo,Bolivia - electricidad baja en carbono - 2025,36.096844,% electricidad baja en carbono
Our World in Data,share-electricity-low-carbon,https://ourworldindata.org/grapher/share-electricity-low-carbon,energia-y-sustentabilidad-1,Impacto ambiental de la energia,2026-05-01 16:28:16,Russia,Internacional,2025,Porcentaje de electricidad baja en carbono,Electricidad baja en carbono,Renovables y nuclear,anggy jeraldo,Russia - electricidad baja en carbono - 2025,35.683563,% electricidad baja en carbono
Our World in Data,share-electricity-low-carbon,https://ourworldindata.org/grapher/share-electricity-low-carbon,energia-y-sustentabilidad-1,Impacto ambiental de la energia,2026-05-01 16:28:16,Japan,Internacional,2025,Porcentaje de electricidad baja en carbono,Electricidad baja en carbono,Renovables y nuclear,anggy jeraldo,Japan - electricidad baja en carbono - 2025,32.705418,% electricidad baja en carbono
Our World in Data,share-electricity-low-carbon,https://ourworldindata.org/grapher/share-electricity-low-carbon,energia-y-sustentabilidad-1,Impacto ambiental de la energia,2026-05-01 16:28:16,Poland,Internacional,2025,Porcentaje de electricidad baja en carbono,Electricidad baja en carbono,Renovables y nuclear,anggy jeraldo,Poland - electricidad baja en carbono - 2025,31.507563,% electricidad baja en carbono
Our World in Data,share-electricity-low-carbon,https://ourworldindata.org/grapher/share-electricity-low-carbon,energia-y-sustentabilidad-1,Impacto ambiental de la energia,2026-05-01 16:28:16,Nigeria,Internacional,2025,Porcentaje de electricidad baja en carbono,Electricidad baja en carbono,Renovables y nuclear,anggy jeraldo,Nigeria - electricidad baja en carbono - 2025,31.31921,% electricidad baja en carbono
Our World in Data,share-electricity-low-carbon,https://ourworldindata.org/grapher/share-electricity-low-carbon,energia-y-sustentabilidad-1,Impacto ambiental de la energia,2026-05-01 16:28:16,Serbia,Internacional,2025,Porcentaje de electricidad baja en carbono,Electricidad baja en carbono,Renovables y nuclear,anggy jeraldo,Serbia - electricidad baja en carbono - 2025,27.799019,% electricidad baja en carbono
Our World in Data,share-electricity-low-carbon,https://ourworldindata.org/grapher/share-electricity-low-carbon,energia-y-sustentabilidad-1,Impacto ambiental de la energia,2026-05-01 16:28:16,Cyprus,Internacional,2025,Porcentaje de electricidad baja en carbono,Electricidad baja en carbono,Renovables y nuclear,anggy jeraldo,Cyprus - electricidad baja en carbono - 2025,27.749577,% electricidad baja en carbono
Our World in Data,share-electricity-low-carbon,https://ourworldindata.org/grapher/share-electricity-low-carbon,energia-y-sustentabilidad-1,Impacto ambiental de la energia,2026-05-01 16:28:16,Africa (Ember),Internacional,2025,Porcentaje de electricidad baja en carbono,Electricidad baja en carbono,Renovables y nuclear,anggy jeraldo,Africa (Ember) - electricidad baja en carbono - 2025,27.2332,% electricidad baja en carbono
Our World in Data,share-electricity-low-carbon,https://ourworldindata.org/grapher/share-electricity-low-carbon,energia-y-sustentabilidad-1,Impacto ambiental de la energia,2026-05-01 16:28:16,ASEAN (Ember),Internacional,2025,Porcentaje de electricidad baja en carbono,Electricidad baja en carbono,Renovables y nuclear,anggy jeraldo,ASEAN (Ember) - electricidad baja en carbono - 2025,26.946016,% electricidad baja en carbono
Our World in Data,share-electricity-low-carbon,https://ourworldindata.org/grapher/share-electricity-low-carbon,energia-y-sustentabilidad-1,Impacto ambiental de la energia,2026-05-01 16:28:16,India,Internacional,2025,Porcentaje de electricidad baja en carbono,Electricidad baja en carbono,Renovables y nuclear,anggy jeraldo,India - electricidad baja en carbono - 2025,26.653053,% electricidad baja en carbono
Our World in Data,share-electricity-low-carbon,https://ourworldindata.org/grapher/share-electricity-low-carbon,energia-y-sustentabilidad-1,Impacto ambiental de la energia,2026-05-01 16:28:16,Mexico,Internacional,2025,Porcentaje de electricidad baja en carbono,Electricidad baja en carbono,Renovables y nuclear,anggy jeraldo,Mexico - electricidad baja en carbono - 2025,25.937754,% electricidad baja en carbono
Our World in Data,share-electricity-low-carbon,https://ourworldindata.org/grapher/share-electricity-low-carbon,energia-y-sustentabilidad-1,Impacto ambiental de la energia,2026-05-01 16:28:16,Morocco,Internacional,2025,Porcentaje de electricidad baja en carbono,Electricidad baja en carbono,Renovables y nuclear,anggy jeraldo,Morocco - electricidad baja en carbono - 2025,23.955055,% electricidad baja en carbono
Our World in Data,share-electricity-low-carbon,https://ourworldindata.org/grapher/share-electricity-low-carbon,energia-y-sustentabilidad-1,Impacto ambiental de la energia,2026-05-01 16:28:16,Dominican Republic,Internacional,2025,Porcentaje de electricidad baja en carbono,Electricidad baja en carbono,Renovables y nuclear,anggy jeraldo,Dominican Republic - electricidad baja en carbono - 2025,23.809525,% electricidad baja en carbono
Our World in Data,share-electricity-low-carbon,https://ourworldindata.org/grapher/share-electricity-low-carbon,energia-y-sustentabilidad-1,Impacto ambiental de la energia,2026-05-01 16:28:16,Philippines,Internacional,2025,Porcentaje de electricidad baja en carbono,Electricidad baja en carbono,Renovables y nuclear,anggy jeraldo,Philippines - electricidad baja en carbono - 2025,23.31059,% electricidad baja en carbono
Our World in Data,share-electricity-low-carbon,https://ourworldindata.org/grapher/share-electricity-low-carbon,energia-y-sustentabilidad-1,Impacto ambiental de la energia,2026-05-01 16:28:16,Malaysia,Internacional,2025,Porcentaje de electricidad baja en carbono,Electricidad baja en carbono,Renovables y nuclear,anggy jeraldo,Malaysia - electricidad baja en carbono - 2025,20.652445,% electricidad baja en carbono
Our World in Data,share-electricity-low-carbon,https://ourworldindata.org/grapher/share-electricity-low-carbon,energia-y-sustentabilidad-1,Impacto ambiental de la energia,2026-05-01 16:28:16,Uzbekistan,Internacional,2025,Porcentaje de electricidad baja en carbono,Electricidad baja en carbono,Renovables y nuclear,anggy jeraldo,Uzbekistan - electricidad baja en carbono - 2025,19.377163,% electricidad baja en carbono
Our World in Data,share-electricity-low-carbon,https://ourworldindata.org/grapher/share-electricity-low-carbon,energia-y-sustentabilidad-1,Impacto ambiental de la energia,2026-05-01 16:28:16,South Africa,Internacional,2025,Porcentaje de electricidad baja en carbono,Electricidad baja en carbono,Renovables y nuclear,anggy jeraldo,South Africa - electricidad baja en carbono - 2025,17.840666,% electricidad baja en carbono
Our World in Data,share-electricity-low-carbon,https://ourworldindata.org/grapher/share-electricity-low-carbon,energia-y-sustentabilidad-1,Impacto ambiental de la energia,2026-05-01 16:28:16,Israel,Internacional,2025,Porcentaje de electricidad baja en carbono,Electricidad baja en carbono,Renovables y nuclear,anggy jeraldo,Israel - electricidad baja en carbono - 2025,16.930573,% electricidad baja en carbono
Our World in Data,share-electricity-low-carbon,https://ourworldindata.org/grapher/share-electricity-low-carbon,energia-y-sustentabilidad-1,Impacto ambiental de la energia,2026-05-01 16:28:16,Thailand,Internacional,2025,Porcentaje de electricidad baja en carbono,Electricidad baja en carbono,Renovables y nuclear,anggy jeraldo,Thailand - electricidad baja en carbono - 2025,16.574585,% electricidad baja en carbono
Our World in Data,share-electricity-low-carbon,https://ourworldindata.org/grapher/share-electricity-low-carbon,energia-y-sustentabilidad-1,Impacto ambiental de la energia,2026-05-01 16:28:16,Malta,Internacional,2025,Porcentaje de electricidad baja en carbono,Electricidad baja en carbono,Renovables y nuclear,anggy jeraldo,Malta - electricidad baja en carbono - 2025,15.981734,% electricidad baja en carbono
Our World in Data,share-electricity-low-carbon,https://ourworldindata.org/grapher/share-electricity-low-carbon,energia-y-sustentabilidad-1,Impacto ambiental de la energia,2026-05-01 16:28:16,Kazakhstan,Internacional,2025,Porcentaje de electricidad baja en carbono,Electricidad baja en carbono,Renovables y nuclear,anggy jeraldo,Kazakhstan - electricidad baja en carbono - 2025,14.859729,% electricidad baja en carbono
Our World in Data,share-electricity-low-carbon,https://ourworldindata.org/grapher/share-electricity-low-carbon,energia-y-sustentabilidad-1,Impacto ambiental de la energia,2026-05-01 16:28:16,Taiwan,Internacional,2025,Porcentaje de electricidad baja en carbono,Electricidad baja en carbono,Renovables y nuclear,anggy jeraldo,Taiwan - electricidad baja en carbono - 2025,13.367314,% electricidad baja en carbono
Our World in Data,share-electricity-low-carbon,https://ourworldindata.org/grapher/share-electricity-low-carbon,energia-y-sustentabilidad-1,Impacto ambiental de la energia,2026-05-01 16:28:16,Egypt,Internacional,2025,Porcentaje de electricidad baja en carbono,Electricidad baja en carbono,Renovables y nuclear,anggy jeraldo,Egypt - electricidad baja en carbono - 2025,13.015343,% electricidad baja en carbono
Our World in Data,share-electricity-low-carbon,https://ourworldindata.org/grapher/share-electricity-low-carbon,energia-y-sustentabilidad-1,Impacto ambiental de la energia,2026-05-01 16:28:16,Azerbaijan,Internacional,2025,Porcentaje de electricidad baja en carbono,Electricidad baja en carbono,Renovables y nuclear,anggy jeraldo,Azerbaijan - electricidad baja en carbono - 2025,12.139552,% electricidad baja en carbono
Our World in Data,share-electricity-low-carbon,https://ourworldindata.org/grapher/share-electricity-low-carbon,energia-y-sustentabilidad-1,Impacto ambiental de la energia,2026-05-01 16:28:16,Moldova,Internacional,2025,Porcentaje de electricidad baja en carbono,Electricidad baja en carbono,Renovables y nuclear,anggy jeraldo,Moldova - electricidad baja en carbono - 2025,11.201299,% electricidad baja en carbono
Our World in Data,share-electricity-low-carbon,https://ourworldindata.org/grapher/share-electricity-low-carbon,energia-y-sustentabilidad-1,Impacto ambiental de la energia,2026-05-01 16:28:16,Kosovo,Internacional,2025,Porcentaje de electricidad baja en carbono,Electricidad baja en carbono,Renovables y nuclear,anggy jeraldo,Kosovo - electricidad baja en carbono - 2025,11.028037,% electricidad baja en carbono
Our World in Data,share-electricity-low-carbon,https://ourworldindata.org/grapher/share-electricity-low-carbon,energia-y-sustentabilidad-1,Impacto ambiental de la energia,2026-05-01 16:28:16,Mongolia,Internacional,2025,Porcentaje de electricidad baja en carbono,Electricidad baja en carbono,Renovables y nuclear,anggy jeraldo,Mongolia - electricidad baja en carbono - 2025,8.359134,% electricidad baja en carbono
Our World in Data,share-electricity-low-carbon,https://ourworldindata.org/grapher/share-electricity-low-carbon,energia-y-sustentabilidad-1,Impacto ambiental de la energia,2026-05-01 16:28:16,Middle East (Ember),Internacional,2025,Porcentaje de electricidad baja en carbono,Electricidad baja en carbono,Renovables y nuclear,anggy jeraldo,Middle East (Ember) - electricidad baja en carbono - 2025,8.108791,% electricidad baja en carbono
Our World in Data,share-electricity-low-carbon,https://ourworldindata.org/grapher/share-electricity-low-carbon,energia-y-sustentabilidad-1,Impacto ambiental de la energia,2026-05-01 16:28:16,Puerto Rico,Internacional,2025,Porcentaje de electricidad baja en carbono,Electricidad baja en carbono,Renovables y nuclear,anggy jeraldo,Puerto Rico - electricidad baja en carbono - 2025,6.3640847,% electricidad baja en carbono
Our World in Data,share-electricity-low-carbon,https://ourworldindata.org/grapher/share-electricity-low-carbon,energia-y-sustentabilidad-1,Impacto ambiental de la energia,2026-05-01 16:28:16,Iran,Internacional,2025,Porcentaje de electricidad baja en carbono,Electricidad baja en carbono,Renovables y nuclear,anggy jeraldo,Iran - electricidad baja en carbono - 2025,5.700136,% electricidad baja en carbono
Our World in Data,share-electricity-low-carbon,https://ourworldindata.org/grapher/share-electricity-low-carbon,energia-y-sustentabilidad-1,Impacto ambiental de la energia,2026-05-01 16:28:16,Singapore,Internacional,2025,Porcentaje de electricidad baja en carbono,Electricidad baja en carbono,Renovables y nuclear,anggy jeraldo,Singapore - electricidad baja en carbono - 2025,5.4862843,% electricidad baja en carbono
Our World in Data,share-electricity-low-carbon,https://ourworldindata.org/grapher/share-electricity-low-carbon,energia-y-sustentabilidad-1,Impacto ambiental de la energia,2026-05-01 16:28:16,Oman,Internacional,2025,Porcentaje de electricidad baja en carbono,Electricidad baja en carbono,Renovables y nuclear,anggy jeraldo,Oman - electricidad baja en carbono - 2025,4.5420136,% electricidad baja en carbono
Our World in Data,share-electricity-low-carbon,https://ourworldindata.org/grapher/share-electricity-low-carbon,energia-y-sustentabilidad-1,Impacto ambiental de la energia,2026-05-01 16:28:16,Qatar,Internacional,2025,Porcentaje de electricidad baja en carbono,Electricidad baja en carbono,Renovables y nuclear,anggy jeraldo,Qatar - electricidad baja en carbono - 2025,4.0583835,% electricidad baja en carbono
Our World in Data,share-electricity-low-carbon,https://ourworldindata.org/grapher/share-electricity-low-carbon,energia-y-sustentabilidad-1,Impacto ambiental de la energia,2026-05-01 16:28:16,Tunisia,Internacional,2025,Porcentaje de electricidad baja en carbono,Electricidad baja en carbono,Renovables y nuclear,anggy jeraldo,Tunisia - electricidad baja en carbono - 2025,4.0340652,% electricidad baja en carbono
Our World in Data,share-electricity-low-carbon,https://ourworldindata.org/grapher/share-electricity-low-carbon,energia-y-sustentabilidad-1,Impacto ambiental de la energia,2026-05-01 16:28:16,Kuwait,Internacional,2025,Porcentaje de electricidad baja en carbono,Electricidad baja en carbono,Renovables y nuclear,anggy jeraldo,Kuwait - electricidad baja en carbono - 2025,2.2380798,% electricidad baja en carbono
Our World in Data,share-electricity-low-carbon,https://ourworldindata.org/grapher/share-electricity-low-carbon,energia-y-sustentabilidad-1,Impacto ambiental de la energia,2026-05-01 16:28:16,Bangladesh,Internacional,2025,Porcentaje de electricidad baja en carbono,Electricidad baja en carbono,Renovables y nuclear,anggy jeraldo,Bangladesh - electricidad baja en carbono - 2025,2.1373308,% electricidad baja en carbono
Our World in Data,share-electricity-low-carbon,https://ourworldindata.org/grapher/share-electricity-low-carbon,energia-y-sustentabilidad-1,Impacto ambiental de la energia,2026-05-01 16:28:16,Albania,Internacional,2024,Porcentaje de electricidad baja en carbono,Electricidad baja en carbono,Renovables y nuclear,anggy jeraldo,Albania - electricidad baja en carbono - 2024,100.0,% electricidad baja en carbono
Our World in Data,share-electricity-low-carbon,https://ourworldindata.org/grapher/share-electricity-low-carbon,energia-y-sustentabilidad-1,Impacto ambiental de la energia,2026-05-01 16:28:16,Bhutan,Internacional,2024,Porcentaje de electricidad baja en carbono,Electricidad baja en carbono,Renovables y nuclear,anggy jeraldo,Bhutan - electricidad baja en carbono - 2024,100.0,% electricidad baja en carbono
Our World in Data,share-electricity-low-carbon,https://ourworldindata.org/grapher/share-electricity-low-carbon,energia-y-sustentabilidad-1,Impacto ambiental de la energia,2026-05-01 16:28:16,Democratic Republic of Congo,Internacional,2024,Porcentaje de electricidad baja en carbono,Electricidad baja en carbono,Renovables y nuclear,anggy jeraldo,Democratic Republic of Congo - electricidad baja en carbono - 2024,100.0,% electricidad baja en carbono
Our World in Data,share-electricity-low-carbon,https://ourworldindata.org/grapher/share-electricity-low-carbon,energia-y-sustentabilidad-1,Impacto ambiental de la energia,2026-05-01 16:28:16,Ethiopia,Internacional,2024,Porcentaje de electricidad baja en carbono,Electricidad baja en carbono,Renovables y nuclear,anggy jeraldo,Ethiopia - electricidad baja en carbono - 2024,100.0,% electricidad baja en carbono
Our World in Data,share-electricity-low-carbon,https://ourworldindata.org/grapher/share-electricity-low-carbon,energia-y-sustentabilidad-1,Impacto ambiental de la energia,2026-05-01 16:28:16,Iceland,Internacional,2024,Porcentaje de electricidad baja en carbono,Electricidad baja en carbono,Renovables y nuclear,anggy jeraldo,Iceland - electricidad baja en carbono - 2024,100.0,% electricidad baja en carbono
Our World in Data,share-electricity-low-carbon,https://ourworldindata.org/grapher/share-electricity-low-carbon,energia-y-sustentabilidad-1,Impacto ambiental de la energia,2026-05-01 16:28:16,Nepal,Internacional,2024,Porcentaje de electricidad baja en carbono,Electricidad baja en carbono,Renovables y nuclear,anggy jeraldo,Nepal - electricidad baja en carbono - 2024,100.0,% electricidad baja en carbono
Our World in Data,share-electricity-low-carbon,https://ourworldindata.org/grapher/share-electricity-low-carbon,energia-y-sustentabilidad-1,Impacto ambiental de la energia,2026-05-01 16:28:16,Paraguay,Internacional,2024,Porcentaje de electricidad baja en carbono,Electricidad baja en carbono,Renovables y nuclear,anggy jeraldo,Paraguay - electricidad baja en carbono - 2024,100.0,% electricidad baja en carbono
Our World in Data,share-electricity-low-carbon,https://ourworldindata.org/grapher/share-electricity-low-carbon,energia-y-sustentabilidad-1,Impacto ambiental de la energia,2026-05-01 16:28:16,Costa Rica,Internacional,2024,Porcentaje de electricidad baja en carbono,Electricidad baja en carbono,Renovables y nuclear,anggy jeraldo,Costa Rica - electricidad baja en carbono - 2024,99.90909,% electricidad baja en carbono
Our World in Data,share-electricity-low-carbon,https://ourworldindata.org/grapher/share-electricity-low-carbon,energia-y-sustentabilidad-1,Impacto ambiental de la energia,2026-05-01 16:28:16,Uruguay,Internacional,2024,Porcentaje de electricidad baja en carbono,Electricidad baja en carbono,Renovables y nuclear,anggy jeraldo,Uruguay - electricidad baja en carbono - 2024,98.87809,% electricidad baja en carbono
Our World in Data,share-electricity-low-carbon,https://ourworldindata.org/grapher/share-electricity-low-carbon,energia-y-sustentabilidad-1,Impacto ambiental de la energia,2026-05-01 16:28:16,Sweden,Internacional,2024,Porcentaje de electricidad baja en carbono,Electricidad baja en carbono,Renovables y nuclear,anggy jeraldo,Sweden - electricidad baja en carbono - 2024,98.791756,% electricidad baja en carbono
Our World in Data,share-electricity-low-carbon,https://ourworldindata.org/grapher/share-electricity-low-carbon,energia-y-sustentabilidad-1,Impacto ambiental de la energia,2026-05-01 16:28:16,Norway,Internacional,2024,Porcentaje de electricidad baja en carbono,Electricidad baja en carbono,Renovables y nuclear,anggy jeraldo,Norway - electricidad baja en carbono - 2024,98.60607,% electricidad baja en carbono
Our World in Data,share-electricity-low-carbon,https://ourworldindata.org/grapher/share-electricity-low-carbon,energia-y-sustentabilidad-1,Impacto ambiental de la energia,2026-05-01 16:28:16,Switzerland,Internacional,2024,Porcentaje de electricidad baja en carbono,Electricidad baja en carbono,Renovables y nuclear,anggy jeraldo,Switzerland - electricidad baja en carbono - 2024,98.098755,% electricidad baja en carbono
Our World in Data,share-electricity-low-carbon,https://ourworldindata.org/grapher/share-electricity-low-carbon,energia-y-sustentabilidad-1,Impacto ambiental de la energia,2026-05-01 16:28:16,Namibia,Internacional,2024,Porcentaje de electricidad baja en carbono,Electricidad baja en carbono,Renovables y nuclear,anggy jeraldo,Namibia - electricidad baja en carbono - 2024,97.560974,% electricidad baja en carbono
Our World in Data,share-electricity-low-carbon,https://ourworldindata.org/grapher/share-electricity-low-carbon,energia-y-sustentabilidad-1,Impacto ambiental de la energia,2026-05-01 16:28:16,Uganda,Internacional,2024,Porcentaje de electricidad baja en carbono,Electricidad baja en carbono,Renovables y nuclear,anggy jeraldo,Uganda - electricidad baja en carbono - 2024,97.07401,% electricidad baja en carbono
Our World in Data,share-electricity-low-carbon,https://ourworldindata.org/grapher/share-electricity-low-carbon,energia-y-sustentabilidad-1,Impacto ambiental de la energia,2026-05-01 16:28:16,Eswatini,Internacional,2024,Porcentaje de electricidad baja en carbono,Electricidad baja en carbono,Renovables y nuclear,anggy jeraldo,Eswatini - electricidad baja en carbono - 2024,96.721306,% electricidad baja en carbono
Our World in Data,share-electricity-low-carbon,https://ourworldindata.org/grapher/share-electricity-low-carbon,energia-y-sustentabilidad-1,Impacto ambiental de la energia,2026-05-01 16:28:16,Malawi,Internacional,2024,Porcentaje de electricidad baja en carbono,Electricidad baja en carbono,Renovables y nuclear,anggy jeraldo,Malawi - electricidad baja en carbono - 2024,95.62841,% electricidad baja en carbono
Our World in Data,share-electricity-low-carbon,https://ourworldindata.org/grapher/share-electricity-low-carbon,energia-y-sustentabilidad-1,Impacto ambiental de la energia,2026-05-01 16:28:16,Finland,Internacional,2024,Porcentaje de electricidad baja en carbono,Electricidad baja en carbono,Renovables y nuclear,anggy jeraldo,Finland - electricidad baja en carbono - 2024,95.34827,% electricidad baja en carbono
Our World in Data,share-electricity-low-carbon,https://ourworldindata.org/grapher/share-electricity-low-carbon,energia-y-sustentabilidad-1,Impacto ambiental de la energia,2026-05-01 16:28:16,Sierra Leone,Internacional,2024,Porcentaje de electricidad baja en carbono,Electricidad baja en carbono,Renovables y nuclear,anggy jeraldo,Sierra Leone - electricidad baja en carbono - 2024,95.2381,% electricidad baja en carbono
Our World in Data,share-electricity-low-carbon,https://ourworldindata.org/grapher/share-electricity-low-carbon,energia-y-sustentabilidad-1,Impacto ambiental de la energia,2026-05-01 16:28:16,France,Internacional,2024,Porcentaje de electricidad baja en carbono,Electricidad baja en carbono,Renovables y nuclear,anggy jeraldo,France - electricidad baja en carbono - 2024,94.89835,% electricidad baja en carbono
Our World in Data,share-electricity-low-carbon,https://ourworldindata.org/grapher/share-electricity-low-carbon,energia-y-sustentabilidad-1,Impacto ambiental de la energia,2026-05-01 16:28:16,Tajikistan,Internacional,2024,Porcentaje de electricidad baja en carbono,Electricidad baja en carbono,Renovables y nuclear,anggy jeraldo,Tajikistan - electricidad baja en carbono - 2024,94.59459,% electricidad baja en carbono
Our World in Data,share-electricity-low-carbon,https://ourworldindata.org/grapher/share-electricity-low-carbon,energia-y-sustentabilidad-1,Impacto ambiental de la energia,2026-05-01 16:28:16,Kenya,Internacional,2024,Porcentaje de electricidad baja en carbono,Electricidad baja en carbono,Renovables y nuclear,anggy jeraldo,Kenya - electricidad baja en carbono - 2024,91.47813,% electricidad baja en carbono
Our World in Data,share-electricity-low-carbon,https://ourworldindata.org/grapher/share-electricity-low-carbon,energia-y-sustentabilidad-1,Impacto ambiental de la energia,2026-05-01 16:28:16,Venezuela,Internacional,2024,Porcentaje de electricidad baja en carbono,Electricidad baja en carbono,Renovables y nuclear,anggy jeraldo,Venezuela - electricidad baja en carbono - 2024,91.1394,% electricidad baja en carbono
Our World in Data,share-electricity-low-carbon,https://ourworldindata.org/grapher/share-electricity-low-carbon,energia-y-sustentabilidad-1,Impacto ambiental de la energia,2026-05-01 16:28:16,El Salvador,Internacional,2024,Porcentaje de electricidad baja en carbono,Electricidad baja en carbono,Renovables y nuclear,anggy jeraldo,El Salvador - electricidad baja en carbono - 2024,90.81163,% electricidad baja en carbono
Our World in Data,share-electricity-low-carbon,https://ourworldindata.org/grapher/share-electricity-low-carbon,energia-y-sustentabilidad-1,Impacto ambiental de la energia,2026-05-01 16:28:16,Luxembourg,Internacional,2024,Porcentaje de electricidad baja en carbono,Electricidad baja en carbono,Renovables y nuclear,anggy jeraldo,Luxembourg - electricidad baja en carbono - 2024,90.72848,% electricidad baja en carbono
Our World in Data,share-electricity-low-carbon,https://ourworldindata.org/grapher/share-electricity-low-carbon,energia-y-sustentabilidad-1,Impacto ambiental de la energia,2026-05-01 16:28:16,Brazil,Internacional,2024,Porcentaje de electricidad baja en carbono,Electricidad baja en carbono,Renovables y nuclear,anggy jeraldo,Brazil - electricidad baja en carbono - 2024,89.44913,% electricidad baja en carbono
Our World in Data,share-electricity-low-carbon,https://ourworldindata.org/grapher/share-electricity-low-carbon,energia-y-sustentabilidad-1,Impacto ambiental de la energia,2026-05-01 16:28:16,Denmark,Internacional,2024,Porcentaje de electricidad baja en carbono,Electricidad baja en carbono,Renovables y nuclear,anggy jeraldo,Denmark - electricidad baja en carbono - 2024,89.18996,% electricidad baja en carbono
Our World in Data,share-electricity-low-carbon,https://ourworldindata.org/grapher/share-electricity-low-carbon,energia-y-sustentabilidad-1,Impacto ambiental de la energia,2026-05-01 16:28:16,Kyrgyzstan,Internacional,2024,Porcentaje de electricidad baja en carbono,Electricidad baja en carbono,Renovables y nuclear,anggy jeraldo,Kyrgyzstan - electricidad baja en carbono - 2024,88.77615,% electricidad baja en carbono
Our World in Data,share-electricity-low-carbon,https://ourworldindata.org/grapher/share-electricity-low-carbon,energia-y-sustentabilidad-1,Impacto ambiental de la energia,2026-05-01 16:28:16,Zambia,Internacional,2024,Porcentaje de electricidad baja en carbono,Electricidad baja en carbono,Renovables y nuclear,anggy jeraldo,Zambia - electricidad baja en carbono - 2024,87.47465,% electricidad baja en carbono
Our World in Data,share-electricity-low-carbon,https://ourworldindata.org/grapher/share-electricity-low-carbon,energia-y-sustentabilidad-1,Impacto ambiental de la energia,2026-05-01 16:28:16,Belize,Internacional,2024,Porcentaje de electricidad baja en carbono,Electricidad baja en carbono,Renovables y nuclear,anggy jeraldo,Belize - electricidad baja en carbono - 2024,87.23404,% electricidad baja en carbono
Our World in Data,share-electricity-low-carbon,https://ourworldindata.org/grapher/share-electricity-low-carbon,energia-y-sustentabilidad-1,Impacto ambiental de la energia,2026-05-01 16:28:16,Afghanistan,Internacional,2024,Porcentaje de electricidad baja en carbono,Electricidad baja en carbono,Renovables y nuclear,anggy jeraldo,Afghanistan - electricidad baja en carbono - 2024,86.86869,% electricidad baja en carbono
Our World in Data,share-electricity-low-carbon,https://ourworldindata.org/grapher/share-electricity-low-carbon,energia-y-sustentabilidad-1,Impacto ambiental de la energia,2026-05-01 16:28:16,Austria,Internacional,2024,Porcentaje de electricidad baja en carbono,Electricidad baja en carbono,Renovables y nuclear,anggy jeraldo,Austria - electricidad baja en carbono - 2024,86.22404,% electricidad baja en carbono
Our World in Data,share-electricity-low-carbon,https://ourworldindata.org/grapher/share-electricity-low-carbon,energia-y-sustentabilidad-1,Impacto ambiental de la energia,2026-05-01 16:28:16,New Zealand,Internacional,2024,Porcentaje de electricidad baja en carbono,Electricidad baja en carbono,Renovables y nuclear,anggy jeraldo,New Zealand - electricidad baja en carbono - 2024,85.98046,% electricidad baja en carbono
Our World in Data,share-electricity-low-carbon,https://ourworldindata.org/grapher/share-electricity-low-carbon,energia-y-sustentabilidad-1,Impacto ambiental de la energia,2026-05-01 16:28:16,Slovakia,Internacional,2024,Porcentaje de electricidad baja en carbono,Electricidad baja en carbono,Renovables y nuclear,anggy jeraldo,Slovakia - electricidad baja en carbono - 2024,85.80623,% electricidad baja en carbono
Our World in Data,share-electricity-low-carbon,https://ourworldindata.org/grapher/share-electricity-low-carbon,energia-y-sustentabilidad-1,Impacto ambiental de la energia,2026-05-01 16:28:16,Portugal,Internacional,2024,Porcentaje de electricidad baja en carbono,Electricidad baja en carbono,Renovables y nuclear,anggy jeraldo,Portugal - electricidad baja en carbono - 2024,85.19145,% electricidad baja en carbono
Our World in Data,share-electricity-low-carbon,https://ourworldindata.org/grapher/share-electricity-low-carbon,energia-y-sustentabilidad-1,Impacto ambiental de la energia,2026-05-01 16:28:16,Lithuania,Internacional,2024,Porcentaje de electricidad baja en carbono,Electricidad baja en carbono,Renovables y nuclear,anggy jeraldo,Lithuania - electricidad baja en carbono - 2024,84.303116,% electricidad baja en carbono
Our World in Data,share-electricity-low-carbon,https://ourworldindata.org/grapher/share-electricity-low-carbon,energia-y-sustentabilidad-1,Impacto ambiental de la energia,2026-05-01 16:28:16,Mozambique,Internacional,2024,Porcentaje de electricidad baja en carbono,Electricidad baja en carbono,Renovables y nuclear,anggy jeraldo,Mozambique - electricidad baja en carbono - 2024,83.42597,% electricidad baja en carbono
Our World in Data,share-electricity-low-carbon,https://ourworldindata.org/grapher/share-electricity-low-carbon,energia-y-sustentabilidad-1,Impacto ambiental de la energia,2026-05-01 16:28:16,Greenland,Internacional,2024,Porcentaje de electricidad baja en carbono,Electricidad baja en carbono,Renovables y nuclear,anggy jeraldo,Greenland - electricidad baja en carbono - 2024,83.33333,% electricidad baja en carbono
Our World in Data,share-electricity-low-carbon,https://ourworldindata.org/grapher/share-electricity-low-carbon,energia-y-sustentabilidad-1,Impacto ambiental de la energia,2026-05-01 16:28:16,Middle Africa (EI),Internacional,2024,Porcentaje de electricidad baja en carbono,Electricidad baja en carbono,Renovables y nuclear,anggy jeraldo,Middle Africa (EI) - electricidad baja en carbono - 2024,81.08127,% electricidad baja en carbono
Our World in Data,share-electricity-low-carbon,https://ourworldindata.org/grapher/share-electricity-low-carbon,energia-y-sustentabilidad-1,Impacto ambiental de la energia,2026-05-01 16:28:16,Georgia,Internacional,2024,Porcentaje de electricidad baja en carbono,Electricidad baja en carbono,Renovables y nuclear,anggy jeraldo,Georgia - electricidad baja en carbono - 2024,79.827705,% electricidad baja en carbono
Our World in Data,share-electricity-low-carbon,https://ourworldindata.org/grapher/share-electricity-low-carbon,energia-y-sustentabilidad-1,Impacto ambiental de la energia,2026-05-01 16:28:16,Sudan,Internacional,2024,Porcentaje de electricidad baja en carbono,Electricidad baja en carbono,Renovables y nuclear,anggy jeraldo,Sudan - electricidad baja en carbono - 2024,79.68856,% electricidad baja en carbono
Our World in Data,share-electricity-low-carbon,https://ourworldindata.org/grapher/share-electricity-low-carbon,energia-y-sustentabilidad-1,Impacto ambiental de la energia,2026-05-01 16:28:16,South America,Internacional,2024,Porcentaje de electricidad baja en carbono,Electricidad baja en carbono,Renovables y nuclear,anggy jeraldo,South America - electricidad baja en carbono - 2024,78.773186,% electricidad baja en carbono
Our World in Data,share-electricity-low-carbon,https://ourworldindata.org/grapher/share-electricity-low-carbon,energia-y-sustentabilidad-1,Impacto ambiental de la energia,2026-05-01 16:28:16,Canada,Internacional,2024,Porcentaje de electricidad baja en carbono,Electricidad baja en carbono,Renovables y nuclear,anggy jeraldo,Canada - electricidad baja en carbono - 2024,77.694374,% electricidad baja en carbono
Our World in Data,share-electricity-low-carbon,https://ourworldindata.org/grapher/share-electricity-low-carbon,energia-y-sustentabilidad-1,Impacto ambiental de la energia,2026-05-01 16:28:16,Spain,Internacional,2024,Porcentaje de electricidad baja en carbono,Electricidad baja en carbono,Renovables y nuclear,anggy jeraldo,Spain - electricidad baja en carbono - 2024,76.745926,% electricidad baja en carbono
Our World in Data,share-electricity-low-carbon,https://ourworldindata.org/grapher/share-electricity-low-carbon,energia-y-sustentabilidad-1,Impacto ambiental de la energia,2026-05-01 16:28:16,Laos,Internacional,2024,Porcentaje de electricidad baja en carbono,Electricidad baja en carbono,Renovables y nuclear,anggy jeraldo,Laos - electricidad baja en carbono - 2024,76.71574,% electricidad baja en carbono
Our World in Data,share-electricity-low-carbon,https://ourworldindata.org/grapher/share-electricity-low-carbon,energia-y-sustentabilidad-1,Impacto ambiental de la energia,2026-05-01 16:28:16,Belgium,Internacional,2024,Porcentaje de electricidad baja en carbono,Electricidad baja en carbono,Renovables y nuclear,anggy jeraldo,Belgium - electricidad baja en carbono - 2024,76.345215,% electricidad baja en carbono
Our World in Data,share-electricity-low-carbon,https://ourworldindata.org/grapher/share-electricity-low-carbon,energia-y-sustentabilidad-1,Impacto ambiental de la energia,2026-05-01 16:28:16,Slovenia,Internacional,2024,Porcentaje de electricidad baja en carbono,Electricidad baja en carbono,Renovables y nuclear,anggy jeraldo,Slovenia - electricidad baja en carbono - 2024,76.06224,% electricidad baja en carbono
Our World in Data,share-electricity-low-carbon,https://ourworldindata.org/grapher/share-electricity-low-carbon,energia-y-sustentabilidad-1,Impacto ambiental de la energia,2026-05-01 16:28:16,Burundi,Internacional,2024,Porcentaje de electricidad baja en carbono,Electricidad baja en carbono,Renovables y nuclear,anggy jeraldo,Burundi - electricidad baja en carbono - 2024,75.5102,% electricidad baja en carbono
Our World in Data,share-electricity-low-carbon,https://ourworldindata.org/grapher/share-electricity-low-carbon,energia-y-sustentabilidad-1,Impacto ambiental de la energia,2026-05-01 16:28:16,Guinea,Internacional,2024,Porcentaje de electricidad baja en carbono,Electricidad baja en carbono,Renovables y nuclear,anggy jeraldo,Guinea - electricidad baja en carbono - 2024,75.1861,% electricidad baja en carbono
Our World in Data,share-electricity-low-carbon,https://ourworldindata.org/grapher/share-electricity-low-carbon,energia-y-sustentabilidad-1,Impacto ambiental de la energia,2026-05-01 16:28:16,Eastern Africa (EI),Internacional,2024,Porcentaje de electricidad baja en carbono,Electricidad baja en carbono,Renovables y nuclear,anggy jeraldo,Eastern Africa (EI) - electricidad baja en carbono - 2024,75.08821,% electricidad baja en carbono
Our World in Data,share-electricity-low-carbon,https://ourworldindata.org/grapher/share-electricity-low-carbon,energia-y-sustentabilidad-1,Impacto ambiental de la energia,2026-05-01 16:28:16,Angola,Internacional,2024,Porcentaje de electricidad baja en carbono,Electricidad baja en carbono,Renovables y nuclear,anggy jeraldo,Angola - electricidad baja en carbono - 2024,73.70109,% electricidad baja en carbono
Our World in Data,share-electricity-low-carbon,https://ourworldindata.org/grapher/share-electricity-low-carbon,energia-y-sustentabilidad-1,Impacto ambiental de la energia,2026-05-01 16:28:16,Hungary,Internacional,2024,Porcentaje de electricidad baja en carbono,Electricidad baja en carbono,Renovables y nuclear,anggy jeraldo,Hungary - electricidad baja en carbono - 2024,73.63158,% electricidad baja en carbono
Our World in Data,share-electricity-low-carbon,https://ourworldindata.org/grapher/share-electricity-low-carbon,energia-y-sustentabilidad-1,Impacto ambiental de la energia,2026-05-01 16:28:16,South and Central America (EI),Internacional,2024,Porcentaje de electricidad baja en carbono,Electricidad baja en carbono,Renovables y nuclear,anggy jeraldo,South and Central America (EI) - electricidad baja en carbono - 2024,73.60596,% electricidad baja en carbono
Our World in Data,share-electricity-low-carbon,https://ourworldindata.org/grapher/share-electricity-low-carbon,energia-y-sustentabilidad-1,Impacto ambiental de la energia,2026-05-01 16:28:16,Latvia,Internacional,2024,Porcentaje de electricidad baja en carbono,Electricidad baja en carbono,Renovables y nuclear,anggy jeraldo,Latvia - electricidad baja en carbono - 2024,73.45972,% electricidad baja en carbono
Our World in Data,share-electricity-low-carbon,https://ourworldindata.org/grapher/share-electricity-low-carbon,energia-y-sustentabilidad-1,Impacto ambiental de la energia,2026-05-01 16:28:16,Croatia,Internacional,2024,Porcentaje de electricidad baja en carbono,Electricidad baja en carbono,Renovables y nuclear,anggy jeraldo,Croatia - electricidad baja en carbono - 2024,73.44669,% electricidad baja en carbono
Our World in Data,share-electricity-low-carbon,https://ourworldindata.org/grapher/share-electricity-low-carbon,energia-y-sustentabilidad-1,Impacto ambiental de la energia,2026-05-01 16:28:16,Cameroon,Internacional,2024,Porcentaje de electricidad baja en carbono,Electricidad baja en carbono,Renovables y nuclear,anggy jeraldo,Cameroon - electricidad baja en carbono - 2024,73.140495,% electricidad baja en carbono
Our World in Data,share-electricity-low-carbon,https://ourworldindata.org/grapher/share-electricity-low-carbon,energia-y-sustentabilidad-1,Impacto ambiental de la energia,2026-05-01 16:28:16,Ecuador,Internacional,2024,Porcentaje de electricidad baja en carbono,Electricidad baja en carbono,Renovables y nuclear,anggy jeraldo,Ecuador - electricidad baja en carbono - 2024,72.44336,% electricidad baja en carbono
Our World in Data,share-electricity-low-carbon,https://ourworldindata.org/grapher/share-electricity-low-carbon,energia-y-sustentabilidad-1,Impacto ambiental de la energia,2026-05-01 16:28:16,EU (Ember),Internacional,2024,Porcentaje de electricidad baja en carbono,Electricidad baja en carbono,Renovables y nuclear,anggy jeraldo,EU (Ember) - electricidad baja en carbono - 2024,71.43491,% electricidad baja en carbono
Our World in Data,share-electricity-low-carbon,https://ourworldindata.org/grapher/share-electricity-low-carbon,energia-y-sustentabilidad-1,Impacto ambiental de la energia,2026-05-01 16:28:16,European Union (27),Internacional,2024,Porcentaje de electricidad baja en carbono,Electricidad baja en carbono,Renovables y nuclear,anggy jeraldo,European Union (27) - electricidad baja en carbono - 2024,71.43491,% electricidad baja en carbono
Our World in Data,share-electricity-low-carbon,https://ourworldindata.org/grapher/share-electricity-low-carbon,energia-y-sustentabilidad-1,Impacto ambiental de la energia,2026-05-01 16:28:16,Bulgaria,Internacional,2024,Porcentaje de electricidad baja en carbono,Electricidad baja en carbono,Renovables y nuclear,anggy jeraldo,Bulgaria - electricidad baja en carbono - 2024,71.12272,% electricidad baja en carbono
Our World in Data,share-electricity-low-carbon,https://ourworldindata.org/grapher/share-electricity-low-carbon,energia-y-sustentabilidad-1,Impacto ambiental de la energia,2026-05-01 16:28:16,Chile,Internacional,2024,Porcentaje de electricidad baja en carbono,Electricidad baja en carbono,Renovables y nuclear,anggy jeraldo,Chile - electricidad baja en carbono - 2024,70.04062,% electricidad baja en carbono
Our World in Data,share-electricity-low-carbon,https://ourworldindata.org/grapher/share-electricity-low-carbon,energia-y-sustentabilidad-1,Impacto ambiental de la energia,2026-05-01 16:28:16,Europe (EI),Internacional,2024,Porcentaje de electricidad baja en carbono,Electricidad baja en carbono,Renovables y nuclear,anggy jeraldo,Europe (EI) - electricidad baja en carbono - 2024,68.87903,% electricidad baja en carbono
Our World in Data,share-electricity-low-carbon,https://ourworldindata.org/grapher/share-electricity-low-carbon,energia-y-sustentabilidad-1,Impacto ambiental de la energia,2026-05-01 16:28:16,Central America (EI),Internacional,2024,Porcentaje de electricidad baja en carbono,Electricidad baja en carbono,Renovables y nuclear,anggy jeraldo,Central America (EI) - electricidad baja en carbono - 2024,68.46699,% electricidad baja en carbono
Our World in Data,share-electricity-low-carbon,https://ourworldindata.org/grapher/share-electricity-low-carbon,energia-y-sustentabilidad-1,Impacto ambiental de la energia,2026-05-01 16:28:16,Guatemala,Internacional,2024,Porcentaje de electricidad baja en carbono,Electricidad baja en carbono,Renovables y nuclear,anggy jeraldo,Guatemala - electricidad baja en carbono - 2024,68.33439,% electricidad baja en carbono
Our World in Data,share-electricity-low-carbon,https://ourworldindata.org/grapher/share-electricity-low-carbon,energia-y-sustentabilidad-1,Impacto ambiental de la energia,2026-05-01 16:28:16,Panama,Internacional,2024,Porcentaje de electricidad baja en carbono,Electricidad baja en carbono,Renovables y nuclear,anggy jeraldo,Panama - electricidad baja en carbono - 2024,67.98213,% electricidad baja en carbono
Our World in Data,share-electricity-low-carbon,https://ourworldindata.org/grapher/share-electricity-low-carbon,energia-y-sustentabilidad-1,Impacto ambiental de la energia,2026-05-01 16:28:16,Romania,Internacional,2024,Porcentaje de electricidad baja en carbono,Electricidad baja en carbono,Renovables y nuclear,anggy jeraldo,Romania - electricidad baja en carbono - 2024,67.204094,% electricidad baja en carbono
Our World in Data,share-electricity-low-carbon,https://ourworldindata.org/grapher/share-electricity-low-carbon,energia-y-sustentabilidad-1,Impacto ambiental de la energia,2026-05-01 16:28:16,United Kingdom,Internacional,2024,Porcentaje de electricidad baja en carbono,Electricidad baja en carbono,Renovables y nuclear,anggy jeraldo,United Kingdom - electricidad baja en carbono - 2024,64.931725,% electricidad baja en carbono
Our World in Data,share-electricity-low-carbon,https://ourworldindata.org/grapher/share-electricity-low-carbon,energia-y-sustentabilidad-1,Impacto ambiental de la energia,2026-05-01 16:28:16,Latin America and Caribbean (Ember),Internacional,2024,Porcentaje de electricidad baja en carbono,Electricidad baja en carbono,Renovables y nuclear,anggy jeraldo,Latin America and Caribbean (Ember) - electricidad baja en carbono - 2024,64.649994,% electricidad baja en carbono
Our World in Data,share-electricity-low-carbon,https://ourworldindata.org/grapher/share-electricity-low-carbon,energia-y-sustentabilidad-1,Impacto ambiental de la energia,2026-05-01 16:28:16,Low-income countries,Internacional,2024,Porcentaje de electricidad baja en carbono,Electricidad baja en carbono,Renovables y nuclear,anggy jeraldo,Low-income countries - electricidad baja en carbono - 2024,63.651318,% electricidad baja en carbono
Our World in Data,share-electricity-low-carbon,https://ourworldindata.org/grapher/share-electricity-low-carbon,energia-y-sustentabilidad-1,Impacto ambiental de la energia,2026-05-01 16:28:16,Fiji,Internacional,2024,Porcentaje de electricidad baja en carbono,Electricidad baja en carbono,Renovables y nuclear,anggy jeraldo,Fiji - electricidad baja en carbono - 2024,63.478264,% electricidad baja en carbono
Our World in Data,share-electricity-low-carbon,https://ourworldindata.org/grapher/share-electricity-low-carbon,energia-y-sustentabilidad-1,Impacto ambiental de la energia,2026-05-01 16:28:16,North Korea,Internacional,2024,Porcentaje de electricidad baja en carbono,Electricidad baja en carbono,Renovables y nuclear,anggy jeraldo,North Korea - electricidad baja en carbono - 2024,63.357933,% electricidad baja en carbono
Our World in Data,share-electricity-low-carbon,https://ourworldindata.org/grapher/share-electricity-low-carbon,energia-y-sustentabilidad-1,Impacto ambiental de la energia,2026-05-01 16:28:16,Nicaragua,Internacional,2024,Porcentaje de electricidad baja en carbono,Electricidad baja en carbono,Renovables y nuclear,anggy jeraldo,Nicaragua - electricidad baja en carbono - 2024,62.389378,% electricidad baja en carbono
Our World in Data,share-electricity-low-carbon,https://ourworldindata.org/grapher/share-electricity-low-carbon,energia-y-sustentabilidad-1,Impacto ambiental de la energia,2026-05-01 16:28:16,Europe,Internacional,2024,Porcentaje de electricidad baja en carbono,Electricidad baja en carbono,Renovables y nuclear,anggy jeraldo,Europe - electricidad baja en carbono - 2024,62.36303,% electricidad baja en carbono
Our World in Data,share-electricity-low-carbon,https://ourworldindata.org/grapher/share-electricity-low-carbon,energia-y-sustentabilidad-1,Impacto ambiental de la energia,2026-05-01 16:28:16,Europe (Ember),Internacional,2024,Porcentaje de electricidad baja en carbono,Electricidad baja en carbono,Renovables y nuclear,anggy jeraldo,Europe (Ember) - electricidad baja en carbono - 2024,61.43042,% electricidad baja en carbono
Our World in Data,share-electricity-low-carbon,https://ourworldindata.org/grapher/share-electricity-low-carbon,energia-y-sustentabilidad-1,Impacto ambiental de la energia,2026-05-01 16:28:16,Colombia,Internacional,2024,Porcentaje de electricidad baja en carbono,Electricidad baja en carbono,Renovables y nuclear,anggy jeraldo,Colombia - electricidad baja en carbono - 2024,61.34171,% electricidad baja en carbono
Our World in Data,share-electricity-low-carbon,https://ourworldindata.org/grapher/share-electricity-low-carbon,energia-y-sustentabilidad-1,Impacto ambiental de la energia,2026-05-01 16:28:16,Armenia,Internacional,2024,Porcentaje de electricidad baja en carbono,Electricidad baja en carbono,Renovables y nuclear,anggy jeraldo,Armenia - electricidad baja en carbono - 2024,61.01883,% electricidad baja en carbono
Our World in Data,share-electricity-low-carbon,https://ourworldindata.org/grapher/share-electricity-low-carbon,energia-y-sustentabilidad-1,Impacto ambiental de la energia,2026-05-01 16:28:16,Peru,Internacional,2024,Porcentaje de electricidad baja en carbono,Electricidad baja en carbono,Renovables y nuclear,anggy jeraldo,Peru - electricidad baja en carbono - 2024,60.111317,% electricidad baja en carbono
Our World in Data,share-electricity-low-carbon,https://ourworldindata.org/grapher/share-electricity-low-carbon,energia-y-sustentabilidad-1,Impacto ambiental de la energia,2026-05-01 16:28:16,Montenegro,Internacional,2024,Porcentaje de electricidad baja en carbono,Electricidad baja en carbono,Renovables y nuclear,anggy jeraldo,Montenegro - electricidad baja en carbono - 2024,59.49008,% electricidad baja en carbono
Our World in Data,share-electricity-low-carbon,https://ourworldindata.org/grapher/share-electricity-low-carbon,energia-y-sustentabilidad-1,Impacto ambiental de la energia,2026-05-01 16:28:16,Germany,Internacional,2024,Porcentaje de electricidad baja en carbono,Electricidad baja en carbono,Renovables y nuclear,anggy jeraldo,Germany - electricidad baja en carbono - 2024,58.64231,% electricidad baja en carbono
Our World in Data,share-electricity-low-carbon,https://ourworldindata.org/grapher/share-electricity-low-carbon,energia-y-sustentabilidad-1,Impacto ambiental de la energia,2026-05-01 16:28:16,Czechia,Internacional,2024,Porcentaje de electricidad baja en carbono,Electricidad baja en carbono,Renovables y nuclear,anggy jeraldo,Czechia - electricidad baja en carbono - 2024,57.684387,% electricidad baja en carbono
Our World in Data,share-electricity-low-carbon,https://ourworldindata.org/grapher/share-electricity-low-carbon,energia-y-sustentabilidad-1,Impacto ambiental de la energia,2026-05-01 16:28:16,Zimbabwe,Internacional,2024,Porcentaje de electricidad baja en carbono,Electricidad baja en carbono,Renovables y nuclear,anggy jeraldo,Zimbabwe - electricidad baja en carbono - 2024,57.11501,% electricidad baja en carbono
Our World in Data,share-electricity-low-carbon,https://ourworldindata.org/grapher/share-electricity-low-carbon,energia-y-sustentabilidad-1,Impacto ambiental de la energia,2026-05-01 16:28:16,Estonia,Internacional,2024,Porcentaje de electricidad baja en carbono,Electricidad baja en carbono,Renovables y nuclear,anggy jeraldo,Estonia - electricidad baja en carbono - 2024,55.750797,% electricidad baja en carbono
Our World in Data,share-electricity-low-carbon,https://ourworldindata.org/grapher/share-electricity-low-carbon,energia-y-sustentabilidad-1,Impacto ambiental de la energia,2026-05-01 16:28:16,Honduras,Internacional,2024,Porcentaje de electricidad baja en carbono,Electricidad baja en carbono,Renovables y nuclear,anggy jeraldo,Honduras - electricidad baja en carbono - 2024,55.44872,% electricidad baja en carbono
Our World in Data,share-electricity-low-carbon,https://ourworldindata.org/grapher/share-electricity-low-carbon,energia-y-sustentabilidad-1,Impacto ambiental de la energia,2026-05-01 16:28:16,Sri Lanka,Internacional,2024,Porcentaje de electricidad baja en carbono,Electricidad baja en carbono,Renovables y nuclear,anggy jeraldo,Sri Lanka - electricidad baja en carbono - 2024,55.24312,% electricidad baja en carbono
Our World in Data,share-electricity-low-carbon,https://ourworldindata.org/grapher/share-electricity-low-carbon,energia-y-sustentabilidad-1,Impacto ambiental de la energia,2026-05-01 16:28:16,Liberia,Internacional,2024,Porcentaje de electricidad baja en carbono,Electricidad baja en carbono,Renovables y nuclear,anggy jeraldo,Liberia - electricidad baja en carbono - 2024,54.385967,% electricidad baja en carbono
Our World in Data,share-electricity-low-carbon,https://ourworldindata.org/grapher/share-electricity-low-carbon,energia-y-sustentabilidad-1,Impacto ambiental de la energia,2026-05-01 16:28:16,Netherlands,Internacional,2024,Porcentaje de electricidad baja en carbono,Electricidad baja en carbono,Renovables y nuclear,anggy jeraldo,Netherlands - electricidad baja en carbono - 2024,53.65814,% electricidad baja en carbono
Our World in Data,share-electricity-low-carbon,https://ourworldindata.org/grapher/share-electricity-low-carbon,energia-y-sustentabilidad-1,Impacto ambiental de la energia,2026-05-01 16:28:16,Suriname,Internacional,2024,Porcentaje de electricidad baja en carbono,Electricidad baja en carbono,Renovables y nuclear,anggy jeraldo,Suriname - electricidad baja en carbono - 2024,52.873566,% electricidad baja en carbono
Our World in Data,share-electricity-low-carbon,https://ourworldindata.org/grapher/share-electricity-low-carbon,energia-y-sustentabilidad-1,Impacto ambiental de la energia,2026-05-01 16:28:16,OECD (Ember),Internacional,2024,Porcentaje de electricidad baja en carbono,Electricidad baja en carbono,Renovables y nuclear,anggy jeraldo,OECD (Ember) - electricidad baja en carbono - 2024,51.619633,% electricidad baja en carbono
Our World in Data,share-electricity-low-carbon,https://ourworldindata.org/grapher/share-electricity-low-carbon,energia-y-sustentabilidad-1,Impacto ambiental de la energia,2026-05-01 16:28:16,OECD (EI),Internacional,2024,Porcentaje de electricidad baja en carbono,Electricidad baja en carbono,Renovables y nuclear,anggy jeraldo,OECD (EI) - electricidad baja en carbono - 2024,50.755157,% electricidad baja en carbono
Our World in Data,share-electricity-low-carbon,https://ourworldindata.org/grapher/share-electricity-low-carbon,energia-y-sustentabilidad-1,Impacto ambiental de la energia,2026-05-01 16:28:16,Pakistan,Internacional,2024,Porcentaje de electricidad baja en carbono,Electricidad baja en carbono,Renovables y nuclear,anggy jeraldo,Pakistan - electricidad baja en carbono - 2024,50.274345,% electricidad baja en carbono
Our World in Data,share-electricity-low-carbon,https://ourworldindata.org/grapher/share-electricity-low-carbon,energia-y-sustentabilidad-1,Impacto ambiental de la energia,2026-05-01 16:28:16,Italy,Internacional,2024,Porcentaje de electricidad baja en carbono,Electricidad baja en carbono,Renovables y nuclear,anggy jeraldo,Italy - electricidad baja en carbono - 2024,50.17193,% electricidad baja en carbono
Our World in Data,share-electricity-low-carbon,https://ourworldindata.org/grapher/share-electricity-low-carbon,energia-y-sustentabilidad-1,Impacto ambiental de la energia,2026-05-01 16:28:16,Cook Islands,Internacional,2024,Porcentaje de electricidad baja en carbono,Electricidad baja en carbono,Renovables y nuclear,anggy jeraldo,Cook Islands - electricidad baja en carbono - 2024,50.0,% electricidad baja en carbono
Our World in Data,share-electricity-low-carbon,https://ourworldindata.org/grapher/share-electricity-low-carbon,energia-y-sustentabilidad-1,Impacto ambiental de la energia,2026-05-01 16:28:16,G7 (Ember),Internacional,2024,Porcentaje de electricidad baja en carbono,Electricidad baja en carbono,Renovables y nuclear,anggy jeraldo,G7 (Ember) - electricidad baja en carbono - 2024,49.57073,% electricidad baja en carbono
Our World in Data,share-electricity-low-carbon,https://ourworldindata.org/grapher/share-electricity-low-carbon,energia-y-sustentabilidad-1,Impacto ambiental de la energia,2026-05-01 16:28:16,Rwanda,Internacional,2024,Porcentaje de electricidad baja en carbono,Electricidad baja en carbono,Renovables y nuclear,anggy jeraldo,Rwanda - electricidad baja en carbono - 2024,49.55752,% electricidad baja en carbono
Our World in Data,share-electricity-low-carbon,https://ourworldindata.org/grapher/share-electricity-low-carbon,energia-y-sustentabilidad-1,Impacto ambiental de la energia,2026-05-01 16:28:16,Greece,Internacional,2024,Porcentaje de electricidad baja en carbono,Electricidad baja en carbono,Renovables y nuclear,anggy jeraldo,Greece - electricidad baja en carbono - 2024,49.229153,% electricidad baja en carbono
Our World in Data,share-electricity-low-carbon,https://ourworldindata.org/grapher/share-electricity-low-carbon,energia-y-sustentabilidad-1,Impacto ambiental de la energia,2026-05-01 16:28:16,Myanmar,Internacional,2024,Porcentaje de electricidad baja en carbono,Electricidad baja en carbono,Renovables y nuclear,anggy jeraldo,Myanmar - electricidad baja en carbono - 2024,47.858135,% electricidad baja en carbono
Our World in Data,share-electricity-low-carbon,https://ourworldindata.org/grapher/share-electricity-low-carbon,energia-y-sustentabilidad-1,Impacto ambiental de la energia,2026-05-01 16:28:16,High-income countries,Internacional,2024,Porcentaje de electricidad baja en carbono,Electricidad baja en carbono,Renovables y nuclear,anggy jeraldo,High-income countries - electricidad baja en carbono - 2024,46.963852,% electricidad baja en carbono
Our World in Data,share-electricity-low-carbon,https://ourworldindata.org/grapher/share-electricity-low-carbon,energia-y-sustentabilidad-1,Impacto ambiental de la energia,2026-05-01 16:28:16,Ireland,Internacional,2024,Porcentaje de electricidad baja en carbono,Electricidad baja en carbono,Renovables y nuclear,anggy jeraldo,Ireland - electricidad baja en carbono - 2024,46.525097,% electricidad baja en carbono
Our World in Data,share-electricity-low-carbon,https://ourworldindata.org/grapher/share-electricity-low-carbon,energia-y-sustentabilidad-1,Impacto ambiental de la energia,2026-05-01 16:28:16,North America (Ember),Internacional,2024,Porcentaje de electricidad baja en carbono,Electricidad baja en carbono,Renovables y nuclear,anggy jeraldo,North America (Ember) - electricidad baja en carbono - 2024,46.41109,% electricidad baja en carbono
Our World in Data,share-electricity-low-carbon,https://ourworldindata.org/grapher/share-electricity-low-carbon,energia-y-sustentabilidad-1,Impacto ambiental de la energia,2026-05-01 16:28:16,Turkey,Internacional,2024,Porcentaje de electricidad baja en carbono,Electricidad baja en carbono,Renovables y nuclear,anggy jeraldo,Turkey - electricidad baja en carbono - 2024,45.61439,% electricidad baja en carbono
Our World in Data,share-electricity-low-carbon,https://ourworldindata.org/grapher/share-electricity-low-carbon,energia-y-sustentabilidad-1,Impacto ambiental de la energia,2026-05-01 16:28:16,North America,Internacional,2024,Porcentaje de electricidad baja en carbono,Electricidad baja en carbono,Renovables y nuclear,anggy jeraldo,North America - electricidad baja en carbono - 2024,44.737663,% electricidad baja en carbono
Our World in Data,share-electricity-low-carbon,https://ourworldindata.org/grapher/share-electricity-low-carbon,energia-y-sustentabilidad-1,Impacto ambiental de la energia,2026-05-01 16:28:16,North America (EI),Internacional,2024,Porcentaje de electricidad baja en carbono,Electricidad baja en carbono,Renovables y nuclear,anggy jeraldo,North America (EI) - electricidad baja en carbono - 2024,43.96614,% electricidad baja en carbono
Our World in Data,share-electricity-low-carbon,https://ourworldindata.org/grapher/share-electricity-low-carbon,energia-y-sustentabilidad-1,Impacto ambiental de la energia,2026-05-01 16:28:16,Lebanon,Internacional,2024,Porcentaje de electricidad baja en carbono,Electricidad baja en carbono,Renovables y nuclear,anggy jeraldo,Lebanon - electricidad baja en carbono - 2024,43.82022,% electricidad baja en carbono
Our World in Data,share-electricity-low-carbon,https://ourworldindata.org/grapher/share-electricity-low-carbon,energia-y-sustentabilidad-1,Impacto ambiental de la energia,2026-05-01 16:28:16,Samoa,Internacional,2024,Porcentaje de electricidad baja en carbono,Electricidad baja en carbono,Renovables y nuclear,anggy jeraldo,Samoa - electricidad baja en carbono - 2024,43.75,% electricidad baja en carbono
Our World in Data,share-electricity-low-carbon,https://ourworldindata.org/grapher/share-electricity-low-carbon,energia-y-sustentabilidad-1,Impacto ambiental de la energia,2026-05-01 16:28:16,Madagascar,Internacional,2024,Porcentaje de electricidad baja en carbono,Electricidad baja en carbono,Renovables y nuclear,anggy jeraldo,Madagascar - electricidad baja en carbono - 2024,42.38683,% electricidad baja en carbono
Our World in Data,share-electricity-low-carbon,https://ourworldindata.org/grapher/share-electricity-low-carbon,energia-y-sustentabilidad-1,Impacto ambiental de la energia,2026-05-01 16:28:16,Vietnam,Internacional,2024,Porcentaje de electricidad baja en carbono,Electricidad baja en carbono,Renovables y nuclear,anggy jeraldo,Vietnam - electricidad baja en carbono - 2024,42.2821,% electricidad baja en carbono
Our World in Data,share-electricity-low-carbon,https://ourworldindata.org/grapher/share-electricity-low-carbon,energia-y-sustentabilidad-1,Impacto ambiental de la energia,2026-05-01 16:28:16,G20 (Ember),Internacional,2024,Porcentaje de electricidad baja en carbono,Electricidad baja en carbono,Renovables y nuclear,anggy jeraldo,G20 (Ember) - electricidad baja en carbono - 2024,42.277016,% electricidad baja en carbono
Our World in Data,share-electricity-low-carbon,https://ourworldindata.org/grapher/share-electricity-low-carbon,energia-y-sustentabilidad-1,Impacto ambiental de la energia,2026-05-01 16:28:16,United States,Internacional,2024,Porcentaje de electricidad baja en carbono,Electricidad baja en carbono,Renovables y nuclear,anggy jeraldo,United States - electricidad baja en carbono - 2024,41.869316,% electricidad baja en carbono
Our World in Data,share-electricity-low-carbon,https://ourworldindata.org/grapher/share-electricity-low-carbon,energia-y-sustentabilidad-1,Impacto ambiental de la energia,2026-05-01 16:28:16,Oceania,Internacional,2024,Porcentaje de electricidad baja en carbono,Electricidad baja en carbono,Renovables y nuclear,anggy jeraldo,Oceania - electricidad baja en carbono - 2024,41.39635,% electricidad baja en carbono
Our World in Data,share-electricity-low-carbon,https://ourworldindata.org/grapher/share-electricity-low-carbon,energia-y-sustentabilidad-1,Impacto ambiental de la energia,2026-05-01 16:28:16,Oceania (Ember),Internacional,2024,Porcentaje de electricidad baja en carbono,Electricidad baja en carbono,Renovables y nuclear,anggy jeraldo,Oceania (Ember) - electricidad baja en carbono - 2024,41.39543,% electricidad baja en carbono
Our World in Data,share-electricity-low-carbon,https://ourworldindata.org/grapher/share-electricity-low-carbon,energia-y-sustentabilidad-1,Impacto ambiental de la energia,2026-05-01 16:28:16,Argentina,Internacional,2024,Porcentaje de electricidad baja en carbono,Electricidad baja en carbono,Renovables y nuclear,anggy jeraldo,Argentina - electricidad baja en carbono - 2024,41.23664,% electricidad baja en carbono
Our World in Data,share-electricity-low-carbon,https://ourworldindata.org/grapher/share-electricity-low-carbon,energia-y-sustentabilidad-1,Impacto ambiental de la energia,2026-05-01 16:28:16,World,Internacional,2024,Porcentaje de electricidad baja en carbono,Electricidad baja en carbono,Renovables y nuclear,anggy jeraldo,World - electricidad baja en carbono - 2024,40.913757,% electricidad baja en carbono
Our World in Data,share-electricity-low-carbon,https://ourworldindata.org/grapher/share-electricity-low-carbon,energia-y-sustentabilidad-1,Impacto ambiental de la energia,2026-05-01 16:28:16,Bosnia and Herzegovina,Internacional,2024,Porcentaje de electricidad baja en carbono,Electricidad baja en carbono,Renovables y nuclear,anggy jeraldo,Bosnia and Herzegovina - electricidad baja en carbono - 2024,40.348614,% electricidad baja en carbono
Our World in Data,share-electricity-low-carbon,https://ourworldindata.org/grapher/share-electricity-low-carbon,energia-y-sustentabilidad-1,Impacto ambiental de la energia,2026-05-01 16:28:16,South Korea,Internacional,2024,Porcentaje de electricidad baja en carbono,Electricidad baja en carbono,Renovables y nuclear,anggy jeraldo,South Korea - electricidad baja en carbono - 2024,39.890945,% electricidad baja en carbono
Our World in Data,share-electricity-low-carbon,https://ourworldindata.org/grapher/share-electricity-low-carbon,energia-y-sustentabilidad-1,Impacto ambiental de la energia,2026-05-01 16:28:16,North Macedonia,Internacional,2024,Porcentaje de electricidad baja en carbono,Electricidad baja en carbono,Renovables y nuclear,anggy jeraldo,North Macedonia - electricidad baja en carbono - 2024,39.461174,% electricidad baja en carbono
Our World in Data,share-electricity-low-carbon,https://ourworldindata.org/grapher/share-electricity-low-carbon,energia-y-sustentabilidad-1,Impacto ambiental de la energia,2026-05-01 16:28:16,Palestine,Internacional,2024,Porcentaje de electricidad baja en carbono,Electricidad baja en carbono,Renovables y nuclear,anggy jeraldo,Palestine - electricidad baja en carbono - 2024,39.393936,% electricidad baja en carbono
Our World in Data,share-electricity-low-carbon,https://ourworldindata.org/grapher/share-electricity-low-carbon,energia-y-sustentabilidad-1,Impacto ambiental de la energia,2026-05-01 16:28:16,China,Internacional,2024,Porcentaje de electricidad baja en carbono,Electricidad baja en carbono,Renovables y nuclear,anggy jeraldo,China - electricidad baja en carbono - 2024,38.165222,% electricidad baja en carbono
Our World in Data,share-electricity-low-carbon,https://ourworldindata.org/grapher/share-electricity-low-carbon,energia-y-sustentabilidad-1,Impacto ambiental de la energia,2026-05-01 16:28:16,Upper-middle-income countries,Internacional,2024,Porcentaje de electricidad baja en carbono,Electricidad baja en carbono,Renovables y nuclear,anggy jeraldo,Upper-middle-income countries - electricidad baja en carbono - 2024,38.10301,% electricidad baja en carbono
Our World in Data,share-electricity-low-carbon,https://ourworldindata.org/grapher/share-electricity-low-carbon,energia-y-sustentabilidad-1,Impacto ambiental de la energia,2026-05-01 16:28:16,Belarus,Internacional,2024,Porcentaje de electricidad baja en carbono,Electricidad baja en carbono,Renovables y nuclear,anggy jeraldo,Belarus - electricidad baja en carbono - 2024,37.31995,% electricidad baja en carbono
Our World in Data,share-electricity-low-carbon,https://ourworldindata.org/grapher/share-electricity-low-carbon,energia-y-sustentabilidad-1,Impacto ambiental de la energia,2026-05-01 16:28:16,Ghana,Internacional,2024,Porcentaje de electricidad baja en carbono,Electricidad baja en carbono,Renovables y nuclear,anggy jeraldo,Ghana - electricidad baja en carbono - 2024,36.217552,% electricidad baja en carbono
Our World in Data,share-electricity-low-carbon,https://ourworldindata.org/grapher/share-electricity-low-carbon,energia-y-sustentabilidad-1,Impacto ambiental de la energia,2026-05-01 16:28:16,Russia,Internacional,2024,Porcentaje de electricidad baja en carbono,Electricidad baja en carbono,Renovables y nuclear,anggy jeraldo,Russia - electricidad baja en carbono - 2024,35.935368,% electricidad baja en carbono
Our World in Data,share-electricity-low-carbon,https://ourworldindata.org/grapher/share-electricity-low-carbon,energia-y-sustentabilidad-1,Impacto ambiental de la energia,2026-05-01 16:28:16,Cambodia,Internacional,2024,Porcentaje de electricidad baja en carbono,Electricidad baja en carbono,Renovables y nuclear,anggy jeraldo,Cambodia - electricidad baja en carbono - 2024,35.658916,% electricidad baja en carbono
Our World in Data,share-electricity-low-carbon,https://ourworldindata.org/grapher/share-electricity-low-carbon,energia-y-sustentabilidad-1,Impacto ambiental de la energia,2026-05-01 16:28:16,Gabon,Internacional,2024,Porcentaje de electricidad baja en carbono,Electricidad baja en carbono,Renovables y nuclear,anggy jeraldo,Gabon - electricidad baja en carbono - 2024,35.384617,% electricidad baja en carbono
Our World in Data,share-electricity-low-carbon,https://ourworldindata.org/grapher/share-electricity-low-carbon,energia-y-sustentabilidad-1,Impacto ambiental de la energia,2026-05-01 16:28:16,Australia,Internacional,2024,Porcentaje de electricidad baja en carbono,Electricidad baja en carbono,Renovables y nuclear,anggy jeraldo,Australia - electricidad baja en carbono - 2024,35.07669,% electricidad baja en carbono
Our World in Data,share-electricity-low-carbon,https://ourworldindata.org/grapher/share-electricity-low-carbon,energia-y-sustentabilidad-1,Impacto ambiental de la energia,2026-05-01 16:28:16,Djibouti,Internacional,2024,Porcentaje de electricidad baja en carbono,Electricidad baja en carbono,Renovables y nuclear,anggy jeraldo,Djibouti - electricidad baja en carbono - 2024,35.0,% electricidad baja en carbono
Our World in Data,share-electricity-low-carbon,https://ourworldindata.org/grapher/share-electricity-low-carbon,energia-y-sustentabilidad-1,Impacto ambiental de la energia,2026-05-01 16:28:16,French Polynesia,Internacional,2024,Porcentaje de electricidad baja en carbono,Electricidad baja en carbono,Renovables y nuclear,anggy jeraldo,French Polynesia - electricidad baja en carbono - 2024,34.72222,% electricidad baja en carbono
Our World in Data,share-electricity-low-carbon,https://ourworldindata.org/grapher/share-electricity-low-carbon,energia-y-sustentabilidad-1,Impacto ambiental de la energia,2026-05-01 16:28:16,Non-OECD (EI),Internacional,2024,Porcentaje de electricidad baja en carbono,Electricidad baja en carbono,Renovables y nuclear,anggy jeraldo,Non-OECD (EI) - electricidad baja en carbono - 2024,34.707497,% electricidad baja en carbono
Our World in Data,share-electricity-low-carbon,https://ourworldindata.org/grapher/share-electricity-low-carbon,energia-y-sustentabilidad-1,Impacto ambiental de la energia,2026-05-01 16:28:16,Asia Pacific (EI),Internacional,2024,Porcentaje de electricidad baja en carbono,Electricidad baja en carbono,Renovables y nuclear,anggy jeraldo,Asia Pacific (EI) - electricidad baja en carbono - 2024,34.32802,% electricidad baja en carbono
Our World in Data,share-electricity-low-carbon,https://ourworldindata.org/grapher/share-electricity-low-carbon,energia-y-sustentabilidad-1,Impacto ambiental de la energia,2026-05-01 16:28:16,Asia (Ember),Internacional,2024,Porcentaje de electricidad baja en carbono,Electricidad baja en carbono,Renovables y nuclear,anggy jeraldo,Asia (Ember) - electricidad baja en carbono - 2024,34.093903,% electricidad baja en carbono
Our World in Data,share-electricity-low-carbon,https://ourworldindata.org/grapher/share-electricity-low-carbon,energia-y-sustentabilidad-1,Impacto ambiental de la energia,2026-05-01 16:28:16,Bolivia,Internacional,2024,Porcentaje de electricidad baja en carbono,Electricidad baja en carbono,Renovables y nuclear,anggy jeraldo,Bolivia - electricidad baja en carbono - 2024,33.99852,% electricidad baja en carbono
Our World in Data,share-electricity-low-carbon,https://ourworldindata.org/grapher/share-electricity-low-carbon,energia-y-sustentabilidad-1,Impacto ambiental de la energia,2026-05-01 16:28:16,CIS (EI),Internacional,2024,Porcentaje de electricidad baja en carbono,Electricidad baja en carbono,Renovables y nuclear,anggy jeraldo,CIS (EI) - electricidad baja en carbono - 2024,33.520374,% electricidad baja en carbono
Our World in Data,share-electricity-low-carbon,https://ourworldindata.org/grapher/share-electricity-low-carbon,energia-y-sustentabilidad-1,Impacto ambiental de la energia,2026-05-01 16:28:16,Tanzania,Internacional,2024,Porcentaje de electricidad baja en carbono,Electricidad baja en carbono,Renovables y nuclear,anggy jeraldo,Tanzania - electricidad baja en carbono - 2024,32.918552,% electricidad baja en carbono
Our World in Data,share-electricity-low-carbon,https://ourworldindata.org/grapher/share-electricity-low-carbon,energia-y-sustentabilidad-1,Impacto ambiental de la energia,2026-05-01 16:28:16,Asia,Internacional,2024,Porcentaje de electricidad baja en carbono,Electricidad baja en carbono,Renovables y nuclear,anggy jeraldo,Asia - electricidad baja en carbono - 2024,32.063274,% electricidad baja en carbono
Our World in Data,share-electricity-low-carbon,https://ourworldindata.org/grapher/share-electricity-low-carbon,energia-y-sustentabilidad-1,Impacto ambiental de la energia,2026-05-01 16:28:16,Serbia,Internacional,2024,Porcentaje de electricidad baja en carbono,Electricidad baja en carbono,Renovables y nuclear,anggy jeraldo,Serbia - electricidad baja en carbono - 2024,32.06169,% electricidad baja en carbono
Our World in Data,share-electricity-low-carbon,https://ourworldindata.org/grapher/share-electricity-low-carbon,energia-y-sustentabilidad-1,Impacto ambiental de la energia,2026-05-01 16:28:16,Western Africa (EI),Internacional,2024,Porcentaje de electricidad baja en carbono,Electricidad baja en carbono,Renovables y nuclear,anggy jeraldo,Western Africa (EI) - electricidad baja en carbono - 2024,31.774069,% electricidad baja en carbono
Our World in Data,share-electricity-low-carbon,https://ourworldindata.org/grapher/share-electricity-low-carbon,energia-y-sustentabilidad-1,Impacto ambiental de la energia,2026-05-01 16:28:16,United Arab Emirates,Internacional,2024,Porcentaje de electricidad baja en carbono,Electricidad baja en carbono,Renovables y nuclear,anggy jeraldo,United Arab Emirates - electricidad baja en carbono - 2024,31.73305,% electricidad baja en carbono
Our World in Data,share-electricity-low-carbon,https://ourworldindata.org/grapher/share-electricity-low-carbon,energia-y-sustentabilidad-1,Impacto ambiental de la energia,2026-05-01 16:28:16,Japan,Internacional,2024,Porcentaje de electricidad baja en carbono,Electricidad baja en carbono,Renovables y nuclear,anggy jeraldo,Japan - electricidad baja en carbono - 2024,31.28917,% electricidad baja en carbono
Our World in Data,share-electricity-low-carbon,https://ourworldindata.org/grapher/share-electricity-low-carbon,energia-y-sustentabilidad-1,Impacto ambiental de la energia,2026-05-01 16:28:16,Poland,Internacional,2024,Porcentaje de electricidad baja en carbono,Electricidad baja en carbono,Renovables y nuclear,anggy jeraldo,Poland - electricidad baja en carbono - 2024,31.146875,% electricidad baja en carbono
Our World in Data,share-electricity-low-carbon,https://ourworldindata.org/grapher/share-electricity-low-carbon,energia-y-sustentabilidad-1,Impacto ambiental de la energia,2026-05-01 16:28:16,Cape Verde,Internacional,2024,Porcentaje de electricidad baja en carbono,Electricidad baja en carbono,Renovables y nuclear,anggy jeraldo,Cape Verde - electricidad baja en carbono - 2024,30.769232,% electricidad baja en carbono
Our World in Data,share-electricity-low-carbon,https://ourworldindata.org/grapher/share-electricity-low-carbon,energia-y-sustentabilidad-1,Impacto ambiental de la energia,2026-05-01 16:28:16,Macao,Internacional,2024,Porcentaje de electricidad baja en carbono,Electricidad baja en carbono,Renovables y nuclear,anggy jeraldo,Macao - electricidad baja en carbono - 2024,30.769232,% electricidad baja en carbono
Our World in Data,share-electricity-low-carbon,https://ourworldindata.org/grapher/share-electricity-low-carbon,energia-y-sustentabilidad-1,Impacto ambiental de la energia,2026-05-01 16:28:16,Togo,Internacional,2024,Porcentaje de electricidad baja en carbono,Electricidad baja en carbono,Renovables y nuclear,anggy jeraldo,Togo - electricidad baja en carbono - 2024,29.577465,% electricidad baja en carbono
Our World in Data,share-electricity-low-carbon,https://ourworldindata.org/grapher/share-electricity-low-carbon,energia-y-sustentabilidad-1,Impacto ambiental de la energia,2026-05-01 16:28:16,Cote d'Ivoire,Internacional,2024,Porcentaje de electricidad baja en carbono,Electricidad baja en carbono,Renovables y nuclear,anggy jeraldo,Cote d'Ivoire - electricidad baja en carbono - 2024,28.91566,% electricidad baja en carbono
Our World in Data,share-electricity-low-carbon,https://ourworldindata.org/grapher/share-electricity-low-carbon,energia-y-sustentabilidad-1,Impacto ambiental de la energia,2026-05-01 16:28:16,Lower-middle-income countries,Internacional,2024,Porcentaje de electricidad baja en carbono,Electricidad baja en carbono,Renovables y nuclear,anggy jeraldo,Lower-middle-income countries - electricidad baja en carbono - 2024,27.896566,% electricidad baja en carbono
Our World in Data,share-electricity-low-carbon,https://ourworldindata.org/grapher/share-electricity-low-carbon,energia-y-sustentabilidad-1,Impacto ambiental de la energia,2026-05-01 16:28:16,New Caledonia,Internacional,2024,Porcentaje de electricidad baja en carbono,Electricidad baja en carbono,Renovables y nuclear,anggy jeraldo,New Caledonia - electricidad baja en carbono - 2024,26.923077,% electricidad baja en carbono
Our World in Data,share-electricity-low-carbon,https://ourworldindata.org/grapher/share-electricity-low-carbon,energia-y-sustentabilidad-1,Impacto ambiental de la energia,2026-05-01 16:28:16,Equatorial Guinea,Internacional,2024,Porcentaje de electricidad baja en carbono,Electricidad baja en carbono,Renovables y nuclear,anggy jeraldo,Equatorial Guinea - electricidad baja en carbono - 2024,26.845638,% electricidad baja en carbono
Our World in Data,share-electricity-low-carbon,https://ourworldindata.org/grapher/share-electricity-low-carbon,energia-y-sustentabilidad-1,Impacto ambiental de la energia,2026-05-01 16:28:16,ASEAN (Ember),Internacional,2024,Porcentaje de electricidad baja en carbono,Electricidad baja en carbono,Renovables y nuclear,anggy jeraldo,ASEAN (Ember) - electricidad baja en carbono - 2024,25.881031,% electricidad baja en carbono
Our World in Data,share-electricity-low-carbon,https://ourworldindata.org/grapher/share-electricity-low-carbon,energia-y-sustentabilidad-1,Impacto ambiental de la energia,2026-05-01 16:28:16,Africa (Ember),Internacional,2024,Porcentaje de electricidad baja en carbono,Electricidad baja en carbono,Renovables y nuclear,anggy jeraldo,Africa (Ember) - electricidad baja en carbono - 2024,25.653908,% electricidad baja en carbono
Our World in Data,share-electricity-low-carbon,https://ourworldindata.org/grapher/share-electricity-low-carbon,energia-y-sustentabilidad-1,Impacto ambiental de la energia,2026-05-01 16:28:16,Africa,Internacional,2024,Porcentaje de electricidad baja en carbono,Electricidad baja en carbono,Renovables y nuclear,anggy jeraldo,Africa - electricidad baja en carbono - 2024,25.546648,% electricidad baja en carbono
Our World in Data,share-electricity-low-carbon,https://ourworldindata.org/grapher/share-electricity-low-carbon,energia-y-sustentabilidad-1,Impacto ambiental de la energia,2026-05-01 16:28:16,Kiribati,Internacional,2024,Porcentaje de electricidad baja en carbono,Electricidad baja en carbono,Renovables y nuclear,anggy jeraldo,Kiribati - electricidad baja en carbono - 2024,25.0,% electricidad baja en carbono
Our World in Data,share-electricity-low-carbon,https://ourworldindata.org/grapher/share-electricity-low-carbon,energia-y-sustentabilidad-1,Impacto ambiental de la energia,2026-05-01 16:28:16,Nigeria,Internacional,2024,Porcentaje de electricidad baja en carbono,Electricidad baja en carbono,Renovables y nuclear,anggy jeraldo,Nigeria - electricidad baja en carbono - 2024,25.0,% electricidad baja en carbono
Our World in Data,share-electricity-low-carbon,https://ourworldindata.org/grapher/share-electricity-low-carbon,energia-y-sustentabilidad-1,Impacto ambiental de la energia,2026-05-01 16:28:16,Africa (EI),Internacional,2024,Porcentaje de electricidad baja en carbono,Electricidad baja en carbono,Renovables y nuclear,anggy jeraldo,Africa (EI) - electricidad baja en carbono - 2024,24.753307,% electricidad baja en carbono
Our World in Data,share-electricity-low-carbon,https://ourworldindata.org/grapher/share-electricity-low-carbon,energia-y-sustentabilidad-1,Impacto ambiental de la energia,2026-05-01 16:28:16,Mexico,Internacional,2024,Porcentaje de electricidad baja en carbono,Electricidad baja en carbono,Renovables y nuclear,anggy jeraldo,Mexico - electricidad baja en carbono - 2024,24.581902,% electricidad baja en carbono
Our World in Data,share-electricity-low-carbon,https://ourworldindata.org/grapher/share-electricity-low-carbon,energia-y-sustentabilidad-1,Impacto ambiental de la energia,2026-05-01 16:28:16,Morocco,Internacional,2024,Porcentaje de electricidad baja en carbono,Electricidad baja en carbono,Renovables y nuclear,anggy jeraldo,Morocco - electricidad baja en carbono - 2024,24.410378,% electricidad baja en carbono
Our World in Data,share-electricity-low-carbon,https://ourworldindata.org/grapher/share-electricity-low-carbon,energia-y-sustentabilidad-1,Impacto ambiental de la energia,2026-05-01 16:28:16,Jordan,Internacional,2024,Porcentaje de electricidad baja en carbono,Electricidad baja en carbono,Renovables y nuclear,anggy jeraldo,Jordan - electricidad baja en carbono - 2024,24.081114,% electricidad baja en carbono
Our World in Data,share-electricity-low-carbon,https://ourworldindata.org/grapher/share-electricity-low-carbon,energia-y-sustentabilidad-1,Impacto ambiental de la energia,2026-05-01 16:28:16,Cyprus,Internacional,2024,Porcentaje de electricidad baja en carbono,Electricidad baja en carbono,Renovables y nuclear,anggy jeraldo,Cyprus - electricidad baja en carbono - 2024,24.006908,% electricidad baja en carbono
Our World in Data,share-electricity-low-carbon,https://ourworldindata.org/grapher/share-electricity-low-carbon,energia-y-sustentabilidad-1,Impacto ambiental de la energia,2026-05-01 16:28:16,Papua New Guinea,Internacional,2024,Porcentaje de electricidad baja en carbono,Electricidad baja en carbono,Renovables y nuclear,anggy jeraldo,Papua New Guinea - electricidad baja en carbono - 2024,23.678646,% electricidad baja en carbono
Our World in Data,share-electricity-low-carbon,https://ourworldindata.org/grapher/share-electricity-low-carbon,energia-y-sustentabilidad-1,Impacto ambiental de la energia,2026-05-01 16:28:16,Mauritania,Internacional,2024,Porcentaje de electricidad baja en carbono,Electricidad baja en carbono,Renovables y nuclear,anggy jeraldo,Mauritania - electricidad baja en carbono - 2024,22.705315,% electricidad baja en carbono
Our World in Data,share-electricity-low-carbon,https://ourworldindata.org/grapher/share-electricity-low-carbon,energia-y-sustentabilidad-1,Impacto ambiental de la energia,2026-05-01 16:28:16,India,Internacional,2024,Porcentaje de electricidad baja en carbono,Electricidad baja en carbono,Renovables y nuclear,anggy jeraldo,India - electricidad baja en carbono - 2024,22.493763,% electricidad baja en carbono
Our World in Data,share-electricity-low-carbon,https://ourworldindata.org/grapher/share-electricity-low-carbon,energia-y-sustentabilidad-1,Impacto ambiental de la energia,2026-05-01 16:28:16,Somalia,Internacional,2024,Porcentaje de electricidad baja en carbono,Electricidad baja en carbono,Renovables y nuclear,anggy jeraldo,Somalia - electricidad baja en carbono - 2024,20.930233,% electricidad baja en carbono
Our World in Data,share-electricity-low-carbon,https://ourworldindata.org/grapher/share-electricity-low-carbon,energia-y-sustentabilidad-1,Impacto ambiental de la energia,2026-05-01 16:28:16,Congo,Internacional,2024,Porcentaje de electricidad baja en carbono,Electricidad baja en carbono,Renovables y nuclear,anggy jeraldo,Congo - electricidad baja en carbono - 2024,20.87912,% electricidad baja en carbono
Our World in Data,share-electricity-low-carbon,https://ourworldindata.org/grapher/share-electricity-low-carbon,energia-y-sustentabilidad-1,Impacto ambiental de la energia,2026-05-01 16:28:16,Philippines,Internacional,2024,Porcentaje de electricidad baja en carbono,Electricidad baja en carbono,Renovables y nuclear,anggy jeraldo,Philippines - electricidad baja en carbono - 2024,20.471933,% electricidad baja en carbono
Our World in Data,share-electricity-low-carbon,https://ourworldindata.org/grapher/share-electricity-low-carbon,energia-y-sustentabilidad-1,Impacto ambiental de la energia,2026-05-01 16:28:16,Malaysia,Internacional,2024,Porcentaje de electricidad baja en carbono,Electricidad baja en carbono,Renovables y nuclear,anggy jeraldo,Malaysia - electricidad baja en carbono - 2024,20.366444,% electricidad baja en carbono
Our World in Data,share-electricity-low-carbon,https://ourworldindata.org/grapher/share-electricity-low-carbon,energia-y-sustentabilidad-1,Impacto ambiental de la energia,2026-05-01 16:28:16,Nauru,Internacional,2024,Porcentaje de electricidad baja en carbono,Electricidad baja en carbono,Renovables y nuclear,anggy jeraldo,Nauru - electricidad baja en carbono - 2024,20.0,% electricidad baja en carbono
Our World in Data,share-electricity-low-carbon,https://ourworldindata.org/grapher/share-electricity-low-carbon,energia-y-sustentabilidad-1,Impacto ambiental de la energia,2026-05-01 16:28:16,Senegal,Internacional,2024,Porcentaje de electricidad baja en carbono,Electricidad baja en carbono,Renovables y nuclear,anggy jeraldo,Senegal - electricidad baja en carbono - 2024,19.7903,% electricidad baja en carbono
Our World in Data,share-electricity-low-carbon,https://ourworldindata.org/grapher/share-electricity-low-carbon,energia-y-sustentabilidad-1,Impacto ambiental de la energia,2026-05-01 16:28:16,Mali,Internacional,2024,Porcentaje de electricidad baja en carbono,Electricidad baja en carbono,Renovables y nuclear,anggy jeraldo,Mali - electricidad baja en carbono - 2024,19.463087,% electricidad baja en carbono
Our World in Data,share-electricity-low-carbon,https://ourworldindata.org/grapher/share-electricity-low-carbon,energia-y-sustentabilidad-1,Impacto ambiental de la energia,2026-05-01 16:28:16,Dominican Republic,Internacional,2024,Porcentaje de electricidad baja en carbono,Electricidad baja en carbono,Renovables y nuclear,anggy jeraldo,Dominican Republic - electricidad baja en carbono - 2024,18.851437,% electricidad baja en carbono
Our World in Data,share-electricity-low-carbon,https://ourworldindata.org/grapher/share-electricity-low-carbon,energia-y-sustentabilidad-1,Impacto ambiental de la energia,2026-05-01 16:28:16,Haiti,Internacional,2024,Porcentaje de electricidad baja en carbono,Electricidad baja en carbono,Renovables y nuclear,anggy jeraldo,Haiti - electricidad baja en carbono - 2024,18.60465,% electricidad baja en carbono
Our World in Data,share-electricity-low-carbon,https://ourworldindata.org/grapher/share-electricity-low-carbon,energia-y-sustentabilidad-1,Impacto ambiental de la energia,2026-05-01 16:28:16,Indonesia,Internacional,2024,Porcentaje de electricidad baja en carbono,Electricidad baja en carbono,Renovables y nuclear,anggy jeraldo,Indonesia - electricidad baja en carbono - 2024,18.089573,% electricidad baja en carbono
Our World in Data,share-electricity-low-carbon,https://ourworldindata.org/grapher/share-electricity-low-carbon,energia-y-sustentabilidad-1,Impacto ambiental de la energia,2026-05-01 16:28:16,Mauritius,Internacional,2024,Porcentaje de electricidad baja en carbono,Electricidad baja en carbono,Renovables y nuclear,anggy jeraldo,Mauritius - electricidad baja en carbono - 2024,17.888563,% electricidad baja en carbono
Our World in Data,share-electricity-low-carbon,https://ourworldindata.org/grapher/share-electricity-low-carbon,energia-y-sustentabilidad-1,Impacto ambiental de la energia,2026-05-01 16:28:16,Burkina Faso,Internacional,2024,Porcentaje de electricidad baja en carbono,Electricidad baja en carbono,Renovables y nuclear,anggy jeraldo,Burkina Faso - electricidad baja en carbono - 2024,17.159761,% electricidad baja en carbono
Our World in Data,share-electricity-low-carbon,https://ourworldindata.org/grapher/share-electricity-low-carbon,energia-y-sustentabilidad-1,Impacto ambiental de la energia,2026-05-01 16:28:16,Aruba,Internacional,2024,Porcentaje de electricidad baja en carbono,Electricidad baja en carbono,Renovables y nuclear,anggy jeraldo,Aruba - electricidad baja en carbono - 2024,17.0,% electricidad baja en carbono
Our World in Data,share-electricity-low-carbon,https://ourworldindata.org/grapher/share-electricity-low-carbon,energia-y-sustentabilidad-1,Impacto ambiental de la energia,2026-05-01 16:28:16,Uzbekistan,Internacional,2024,Porcentaje de electricidad baja en carbono,Electricidad baja en carbono,Renovables y nuclear,anggy jeraldo,Uzbekistan - electricidad baja en carbono - 2024,15.95092,% electricidad baja en carbono
Our World in Data,share-electricity-low-carbon,https://ourworldindata.org/grapher/share-electricity-low-carbon,energia-y-sustentabilidad-1,Impacto ambiental de la energia,2026-05-01 16:28:16,Seychelles,Internacional,2024,Porcentaje de electricidad baja en carbono,Electricidad baja en carbono,Renovables y nuclear,anggy jeraldo,Seychelles - electricidad baja en carbono - 2024,15.873016,% electricidad baja en carbono
Our World in Data,share-electricity-low-carbon,https://ourworldindata.org/grapher/share-electricity-low-carbon,energia-y-sustentabilidad-1,Impacto ambiental de la energia,2026-05-01 16:28:16,South Africa,Internacional,2024,Porcentaje de electricidad baja en carbono,Electricidad baja en carbono,Renovables y nuclear,anggy jeraldo,South Africa - electricidad baja en carbono - 2024,15.663381,% electricidad baja en carbono
Our World in Data,share-electricity-low-carbon,https://ourworldindata.org/grapher/share-electricity-low-carbon,energia-y-sustentabilidad-1,Impacto ambiental de la energia,2026-05-01 16:28:16,Malta,Internacional,2024,Porcentaje de electricidad baja en carbono,Electricidad baja en carbono,Renovables y nuclear,anggy jeraldo,Malta - electricidad baja en carbono - 2024,15.525114,% electricidad baja en carbono
Our World in Data,share-electricity-low-carbon,https://ourworldindata.org/grapher/share-electricity-low-carbon,energia-y-sustentabilidad-1,Impacto ambiental de la energia,2026-05-01 16:28:16,Kazakhstan,Internacional,2024,Porcentaje de electricidad baja en carbono,Electricidad baja en carbono,Renovables y nuclear,anggy jeraldo,Kazakhstan - electricidad baja en carbono - 2024,15.213906,% electricidad baja en carbono
Our World in Data,share-electricity-low-carbon,https://ourworldindata.org/grapher/share-electricity-low-carbon,energia-y-sustentabilidad-1,Impacto ambiental de la energia,2026-05-01 16:28:16,Taiwan,Internacional,2024,Porcentaje de electricidad baja en carbono,Electricidad baja en carbono,Renovables y nuclear,anggy jeraldo,Taiwan - electricidad baja en carbono - 2024,15.140698,% electricidad baja en carbono
Our World in Data,share-electricity-low-carbon,https://ourworldindata.org/grapher/share-electricity-low-carbon,energia-y-sustentabilidad-1,Impacto ambiental de la energia,2026-05-01 16:28:16,Thailand,Internacional,2024,Porcentaje de electricidad baja en carbono,Electricidad baja en carbono,Renovables y nuclear,anggy jeraldo,Thailand - electricidad baja en carbono - 2024,14.840617,% electricidad baja en carbono
Our World in Data,share-electricity-low-carbon,https://ourworldindata.org/grapher/share-electricity-low-carbon,energia-y-sustentabilidad-1,Impacto ambiental de la energia,2026-05-01 16:28:16,Tonga,Internacional,2024,Porcentaje de electricidad baja en carbono,Electricidad baja en carbono,Renovables y nuclear,anggy jeraldo,Tonga - electricidad baja en carbono - 2024,14.285714,% electricidad baja en carbono
Our World in Data,share-electricity-low-carbon,https://ourworldindata.org/grapher/share-electricity-low-carbon,energia-y-sustentabilidad-1,Impacto ambiental de la energia,2026-05-01 16:28:16,Israel,Internacional,2024,Porcentaje de electricidad baja en carbono,Electricidad baja en carbono,Renovables y nuclear,anggy jeraldo,Israel - electricidad baja en carbono - 2024,13.80597,% electricidad baja en carbono
Our World in Data,share-electricity-low-carbon,https://ourworldindata.org/grapher/share-electricity-low-carbon,energia-y-sustentabilidad-1,Impacto ambiental de la energia,2026-05-01 16:28:16,Saint Vincent and the Grenadines,Internacional,2024,Porcentaje de electricidad baja en carbono,Electricidad baja en carbono,Renovables y nuclear,anggy jeraldo,Saint Vincent and the Grenadines - electricidad baja en carbono - 2024,13.333332,% electricidad baja en carbono
Our World in Data,share-electricity-low-carbon,https://ourworldindata.org/grapher/share-electricity-low-carbon,energia-y-sustentabilidad-1,Impacto ambiental de la energia,2026-05-01 16:28:16,Jamaica,Internacional,2024,Porcentaje de electricidad baja en carbono,Electricidad baja en carbono,Renovables y nuclear,anggy jeraldo,Jamaica - electricidad baja en carbono - 2024,12.601625,% electricidad baja en carbono
Our World in Data,share-electricity-low-carbon,https://ourworldindata.org/grapher/share-electricity-low-carbon,energia-y-sustentabilidad-1,Impacto ambiental de la energia,2026-05-01 16:28:16,Azerbaijan,Internacional,2024,Porcentaje de electricidad baja en carbono,Electricidad baja en carbono,Renovables y nuclear,anggy jeraldo,Azerbaijan - electricidad baja en carbono - 2024,11.745689,% electricidad baja en carbono
Our World in Data,share-electricity-low-carbon,https://ourworldindata.org/grapher/share-electricity-low-carbon,energia-y-sustentabilidad-1,Impacto ambiental de la energia,2026-05-01 16:28:16,Yemen,Internacional,2024,Porcentaje de electricidad baja en carbono,Electricidad baja en carbono,Renovables y nuclear,anggy jeraldo,Yemen - electricidad baja en carbono - 2024,11.238094,% electricidad baja en carbono
Our World in Data,share-electricity-low-carbon,https://ourworldindata.org/grapher/share-electricity-low-carbon,energia-y-sustentabilidad-1,Impacto ambiental de la energia,2026-05-01 16:28:16,Egypt,Internacional,2024,Porcentaje de electricidad baja en carbono,Electricidad baja en carbono,Renovables y nuclear,anggy jeraldo,Egypt - electricidad baja en carbono - 2024,11.196765,% electricidad baja en carbono
Our World in Data,share-electricity-low-carbon,https://ourworldindata.org/grapher/share-electricity-low-carbon,energia-y-sustentabilidad-1,Impacto ambiental de la energia,2026-05-01 16:28:16,Eritrea,Internacional,2024,Porcentaje de electricidad baja en carbono,Electricidad baja en carbono,Renovables y nuclear,anggy jeraldo,Eritrea - electricidad baja en carbono - 2024,11.111112,% electricidad baja en carbono
Our World in Data,share-electricity-low-carbon,https://ourworldindata.org/grapher/share-electricity-low-carbon,energia-y-sustentabilidad-1,Impacto ambiental de la energia,2026-05-01 16:28:16,Moldova,Internacional,2024,Porcentaje de electricidad baja en carbono,Electricidad baja en carbono,Renovables y nuclear,anggy jeraldo,Moldova - electricidad baja en carbono - 2024,10.708402,% electricidad baja en carbono
Our World in Data,share-electricity-low-carbon,https://ourworldindata.org/grapher/share-electricity-low-carbon,energia-y-sustentabilidad-1,Impacto ambiental de la energia,2026-05-01 16:28:16,Solomon Islands,Internacional,2024,Porcentaje de electricidad baja en carbono,Electricidad baja en carbono,Renovables y nuclear,anggy jeraldo,Solomon Islands - electricidad baja en carbono - 2024,9.090909,% electricidad baja en carbono
Our World in Data,share-electricity-low-carbon,https://ourworldindata.org/grapher/share-electricity-low-carbon,energia-y-sustentabilidad-1,Impacto ambiental de la energia,2026-05-01 16:28:16,Barbados,Internacional,2024,Porcentaje de electricidad baja en carbono,Electricidad baja en carbono,Renovables y nuclear,anggy jeraldo,Barbados - electricidad baja en carbono - 2024,9.009009,% electricidad baja en carbono
Our World in Data,share-electricity-low-carbon,https://ourworldindata.org/grapher/share-electricity-low-carbon,energia-y-sustentabilidad-1,Impacto ambiental de la energia,2026-05-01 16:28:16,Mongolia,Internacional,2024,Porcentaje de electricidad baja en carbono,Electricidad baja en carbono,Renovables y nuclear,anggy jeraldo,Mongolia - electricidad baja en carbono - 2024,8.843537,% electricidad baja en carbono
Our World in Data,share-electricity-low-carbon,https://ourworldindata.org/grapher/share-electricity-low-carbon,energia-y-sustentabilidad-1,Impacto ambiental de la energia,2026-05-01 16:28:16,Saint Kitts and Nevis,Internacional,2024,Porcentaje de electricidad baja en carbono,Electricidad baja en carbono,Renovables y nuclear,anggy jeraldo,Saint Kitts and Nevis - electricidad baja en carbono - 2024,8.695652,% electricidad baja en carbono
Our World in Data,share-electricity-low-carbon,https://ourworldindata.org/grapher/share-electricity-low-carbon,energia-y-sustentabilidad-1,Impacto ambiental de la energia,2026-05-01 16:28:16,Guam,Internacional,2024,Porcentaje de electricidad baja en carbono,Electricidad baja en carbono,Renovables y nuclear,anggy jeraldo,Guam - electricidad baja en carbono - 2024,8.60215,% electricidad baja en carbono
Our World in Data,share-electricity-low-carbon,https://ourworldindata.org/grapher/share-electricity-low-carbon,energia-y-sustentabilidad-1,Impacto ambiental de la energia,2026-05-01 16:28:16,Kosovo,Internacional,2024,Porcentaje de electricidad baja en carbono,Electricidad baja en carbono,Renovables y nuclear,anggy jeraldo,Kosovo - electricidad baja en carbono - 2024,8.567208,% electricidad baja en carbono
Our World in Data,share-electricity-low-carbon,https://ourworldindata.org/grapher/share-electricity-low-carbon,energia-y-sustentabilidad-1,Impacto ambiental de la energia,2026-05-01 16:28:16,Antigua and Barbuda,Internacional,2024,Porcentaje de electricidad baja en carbono,Electricidad baja en carbono,Renovables y nuclear,anggy jeraldo,Antigua and Barbuda - electricidad baja en carbono - 2024,8.108108,% electricidad baja en carbono
Our World in Data,share-electricity-low-carbon,https://ourworldindata.org/grapher/share-electricity-low-carbon,energia-y-sustentabilidad-1,Impacto ambiental de la energia,2026-05-01 16:28:16,Middle East (Ember),Internacional,2024,Porcentaje de electricidad baja en carbono,Electricidad baja en carbono,Renovables y nuclear,anggy jeraldo,Middle East (Ember) - electricidad baja en carbono - 2024,8.026793,% electricidad baja en carbono
Our World in Data,share-electricity-low-carbon,https://ourworldindata.org/grapher/share-electricity-low-carbon,energia-y-sustentabilidad-1,Impacto ambiental de la energia,2026-05-01 16:28:16,Middle East (EI),Internacional,2024,Porcentaje de electricidad baja en carbono,Electricidad baja en carbono,Renovables y nuclear,anggy jeraldo,Middle East (EI) - electricidad baja en carbono - 2024,7.7996373,% electricidad baja en carbono
Our World in Data,share-electricity-low-carbon,https://ourworldindata.org/grapher/share-electricity-low-carbon,energia-y-sustentabilidad-1,Impacto ambiental de la energia,2026-05-01 16:28:16,Iran,Internacional,2024,Porcentaje de electricidad baja en carbono,Electricidad baja en carbono,Renovables y nuclear,anggy jeraldo,Iran - electricidad baja en carbono - 2024,7.1755223,% electricidad baja en carbono
Our World in Data,share-electricity-low-carbon,https://ourworldindata.org/grapher/share-electricity-low-carbon,energia-y-sustentabilidad-1,Impacto ambiental de la energia,2026-05-01 16:28:16,Maldives,Internacional,2024,Porcentaje de electricidad baja en carbono,Electricidad baja en carbono,Renovables y nuclear,anggy jeraldo,Maldives - electricidad baja en carbono - 2024,7.058823,% electricidad baja en carbono
Our World in Data,share-electricity-low-carbon,https://ourworldindata.org/grapher/share-electricity-low-carbon,energia-y-sustentabilidad-1,Impacto ambiental de la energia,2026-05-01 16:28:16,Puerto Rico,Internacional,2024,Porcentaje de electricidad baja en carbono,Electricidad baja en carbono,Renovables y nuclear,anggy jeraldo,Puerto Rico - electricidad baja en carbono - 2024,6.0,% electricidad baja en carbono
Our World in Data,share-electricity-low-carbon,https://ourworldindata.org/grapher/share-electricity-low-carbon,energia-y-sustentabilidad-1,Impacto ambiental de la energia,2026-05-01 16:28:16,American Samoa,Internacional,2024,Porcentaje de electricidad baja en carbono,Electricidad baja en carbono,Renovables y nuclear,anggy jeraldo,American Samoa - electricidad baja en carbono - 2024,5.5555553,% electricidad baja en carbono
Our World in Data,share-electricity-low-carbon,https://ourworldindata.org/grapher/share-electricity-low-carbon,energia-y-sustentabilidad-1,Impacto ambiental de la energia,2026-05-01 16:28:16,Chad,Internacional,2024,Porcentaje de electricidad baja en carbono,Electricidad baja en carbono,Renovables y nuclear,anggy jeraldo,Chad - electricidad baja en carbono - 2024,5.405405,% electricidad baja en carbono
Our World in Data,share-electricity-low-carbon,https://ourworldindata.org/grapher/share-electricity-low-carbon,energia-y-sustentabilidad-1,Impacto ambiental de la energia,2026-05-01 16:28:16,Singapore,Internacional,2024,Porcentaje de electricidad baja en carbono,Electricidad baja en carbono,Renovables y nuclear,anggy jeraldo,Singapore - electricidad baja en carbono - 2024,4.9320583,% electricidad baja en carbono
Our World in Data,share-electricity-low-carbon,https://ourworldindata.org/grapher/share-electricity-low-carbon,energia-y-sustentabilidad-1,Impacto ambiental de la energia,2026-05-01 16:28:16,Oman,Internacional,2024,Porcentaje de electricidad baja en carbono,Electricidad baja en carbono,Renovables y nuclear,anggy jeraldo,Oman - electricidad baja en carbono - 2024,4.8879843,% electricidad baja en carbono
Our World in Data,share-electricity-low-carbon,https://ourworldindata.org/grapher/share-electricity-low-carbon,energia-y-sustentabilidad-1,Impacto ambiental de la energia,2026-05-01 16:28:16,Tunisia,Internacional,2024,Porcentaje de electricidad baja en carbono,Electricidad baja en carbono,Renovables y nuclear,anggy jeraldo,Tunisia - electricidad baja en carbono - 2024,4.3986897,% electricidad baja en carbono
Our World in Data,share-electricity-low-carbon,https://ourworldindata.org/grapher/share-electricity-low-carbon,energia-y-sustentabilidad-1,Impacto ambiental de la energia,2026-05-01 16:28:16,Cayman Islands,Internacional,2024,Porcentaje de electricidad baja en carbono,Electricidad baja en carbono,Renovables y nuclear,anggy jeraldo,Cayman Islands - electricidad baja en carbono - 2024,4.2253523,% electricidad baja en carbono
Our World in Data,share-electricity-low-carbon,https://ourworldindata.org/grapher/share-electricity-low-carbon,energia-y-sustentabilidad-1,Impacto ambiental de la energia,2026-05-01 16:28:16,Qatar,Internacional,2024,Porcentaje de electricidad baja en carbono,Electricidad baja en carbono,Renovables y nuclear,anggy jeraldo,Qatar - electricidad baja en carbono - 2024,4.022583,% electricidad baja en carbono
Our World in Data,share-electricity-low-carbon,https://ourworldindata.org/grapher/share-electricity-low-carbon,energia-y-sustentabilidad-1,Impacto ambiental de la energia,2026-05-01 16:28:16,Cuba,Internacional,2024,Porcentaje de electricidad baja en carbono,Electricidad baja en carbono,Renovables y nuclear,anggy jeraldo,Cuba - electricidad baja en carbono - 2024,4.0144105,% electricidad baja en carbono
Our World in Data,share-electricity-low-carbon,https://ourworldindata.org/grapher/share-electricity-low-carbon,energia-y-sustentabilidad-1,Impacto ambiental de la energia,2026-05-01 16:28:16,Benin,Internacional,2024,Porcentaje de electricidad baja en carbono,Electricidad baja en carbono,Renovables y nuclear,anggy jeraldo,Benin - electricidad baja en carbono - 2024,3.960396,% electricidad baja en carbono
Our World in Data,share-electricity-low-carbon,https://ourworldindata.org/grapher/share-electricity-low-carbon,energia-y-sustentabilidad-1,Impacto ambiental de la energia,2026-05-01 16:28:16,Turks and Caicos Islands,Internacional,2024,Porcentaje de electricidad baja en carbono,Electricidad baja en carbono,Renovables y nuclear,anggy jeraldo,Turks and Caicos Islands - electricidad baja en carbono - 2024,3.7037034,% electricidad baja en carbono
Our World in Data,share-electricity-low-carbon,https://ourworldindata.org/grapher/share-electricity-low-carbon,energia-y-sustentabilidad-1,Impacto ambiental de la energia,2026-05-01 16:28:16,Syria,Internacional,2024,Porcentaje de electricidad baja en carbono,Electricidad baja en carbono,Renovables y nuclear,anggy jeraldo,Syria - electricidad baja en carbono - 2024,3.5369775,% electricidad baja en carbono
Our World in Data,share-electricity-low-carbon,https://ourworldindata.org/grapher/share-electricity-low-carbon,energia-y-sustentabilidad-1,Impacto ambiental de la energia,2026-05-01 16:28:16,Niger,Internacional,2024,Porcentaje de electricidad baja en carbono,Electricidad baja en carbono,Renovables y nuclear,anggy jeraldo,Niger - electricidad baja en carbono - 2024,3.1578946,% electricidad baja en carbono
Our World in Data,share-electricity-low-carbon,https://ourworldindata.org/grapher/share-electricity-low-carbon,energia-y-sustentabilidad-1,Impacto ambiental de la energia,2026-05-01 16:28:16,Guyana,Internacional,2024,Porcentaje de electricidad baja en carbono,Electricidad baja en carbono,Renovables y nuclear,anggy jeraldo,Guyana - electricidad baja en carbono - 2024,2.8985507,% electricidad baja en carbono
Our World in Data,share-electricity-low-carbon,https://ourworldindata.org/grapher/share-electricity-low-carbon,energia-y-sustentabilidad-1,Impacto ambiental de la energia,2026-05-01 16:28:16,Saint Lucia,Internacional,2024,Porcentaje de electricidad baja en carbono,Electricidad baja en carbono,Renovables y nuclear,anggy jeraldo,Saint Lucia - electricidad baja en carbono - 2024,2.5,% electricidad baja en carbono
Our World in Data,share-electricity-low-carbon,https://ourworldindata.org/grapher/share-electricity-low-carbon,energia-y-sustentabilidad-1,Impacto ambiental de la energia,2026-05-01 16:28:16,Kuwait,Internacional,2024,Porcentaje de electricidad baja en carbono,Electricidad baja en carbono,Renovables y nuclear,anggy jeraldo,Kuwait - electricidad baja en carbono - 2024,2.2380798,% electricidad baja en carbono
Our World in Data,share-electricity-low-carbon,https://ourworldindata.org/grapher/share-electricity-low-carbon,energia-y-sustentabilidad-1,Impacto ambiental de la energia,2026-05-01 16:28:16,Saudi Arabia,Internacional,2024,Porcentaje de electricidad baja en carbono,Electricidad baja en carbono,Renovables y nuclear,anggy jeraldo,Saudi Arabia - electricidad baja en carbono - 2024,2.1599505,% electricidad baja en carbono
Our World in Data,share-electricity-low-carbon,https://ourworldindata.org/grapher/share-electricity-low-carbon,energia-y-sustentabilidad-1,Impacto ambiental de la energia,2026-05-01 16:28:16,Bangladesh,Internacional,2024,Porcentaje de electricidad baja en carbono,Electricidad baja en carbono,Renovables y nuclear,anggy jeraldo,Bangladesh - electricidad baja en carbono - 2024,1.8871634,% electricidad baja en carbono
Our World in Data,share-electricity-low-carbon,https://ourworldindata.org/grapher/share-electricity-low-carbon,energia-y-sustentabilidad-1,Impacto ambiental de la energia,2026-05-01 16:28:16,South Sudan,Internacional,2024,Porcentaje de electricidad baja en carbono,Electricidad baja en carbono,Renovables y nuclear,anggy jeraldo,South Sudan - electricidad baja en carbono - 2024,1.7857143,% electricidad baja en carbono
Our World in Data,share-electricity-low-carbon,https://ourworldindata.org/grapher/share-electricity-low-carbon,energia-y-sustentabilidad-1,Impacto ambiental de la energia,2026-05-01 16:28:16,Bermuda,Internacional,2024,Porcentaje de electricidad baja en carbono,Electricidad baja en carbono,Renovables y nuclear,anggy jeraldo,Bermuda - electricidad baja en carbono - 2024,1.6393442,% electricidad baja en carbono
Our World in Data,share-electricity-low-carbon,https://ourworldindata.org/grapher/share-electricity-low-carbon,energia-y-sustentabilidad-1,Impacto ambiental de la energia,2026-05-01 16:28:16,Iraq,Internacional,2024,Porcentaje de electricidad baja en carbono,Electricidad baja en carbono,Renovables y nuclear,anggy jeraldo,Iraq - electricidad baja en carbono - 2024,1.6229213,% electricidad baja en carbono
Our World in Data,share-electricity-low-carbon,https://ourworldindata.org/grapher/share-electricity-low-carbon,energia-y-sustentabilidad-1,Impacto ambiental de la energia,2026-05-01 16:28:16,Algeria,Internacional,2024,Porcentaje de electricidad baja en carbono,Electricidad baja en carbono,Renovables y nuclear,anggy jeraldo,Algeria - electricidad baja en carbono - 2024,1.0689082,% electricidad baja en carbono
Our World in Data,share-electricity-low-carbon,https://ourworldindata.org/grapher/share-electricity-low-carbon,energia-y-sustentabilidad-1,Impacto ambiental de la energia,2026-05-01 16:28:16,Hong Kong,Internacional,2024,Porcentaje de electricidad baja en carbono,Electricidad baja en carbono,Renovables y nuclear,anggy jeraldo,Hong Kong - electricidad baja en carbono - 2024,1.0416666,% electricidad baja en carbono
Our World in Data,share-electricity-low-carbon,https://ourworldindata.org/grapher/share-electricity-low-carbon,energia-y-sustentabilidad-1,Impacto ambiental de la energia,2026-05-01 16:28:16,Bahamas,Internacional,2024,Porcentaje de electricidad baja en carbono,Electricidad baja en carbono,Renovables y nuclear,anggy jeraldo,Bahamas - electricidad baja en carbono - 2024,0.8888889,% electricidad baja en carbono
Our World in Data,share-electricity-low-carbon,https://ourworldindata.org/grapher/share-electricity-low-carbon,energia-y-sustentabilidad-1,Impacto ambiental de la energia,2026-05-01 16:28:16,Botswana,Internacional,2024,Porcentaje de electricidad baja en carbono,Electricidad baja en carbono,Renovables y nuclear,anggy jeraldo,Botswana - electricidad baja en carbono - 2024,0.29154518,% electricidad baja en carbono
Our World in Data,share-electricity-low-carbon,https://ourworldindata.org/grapher/share-electricity-low-carbon,energia-y-sustentabilidad-1,Impacto ambiental de la energia,2026-05-01 16:28:16,Bahrain,Internacional,2024,Porcentaje de electricidad baja en carbono,Electricidad baja en carbono,Renovables y nuclear,anggy jeraldo,Bahrain - electricidad baja en carbono - 2024,0.26350462,% electricidad baja en carbono
Our World in Data,share-electricity-low-carbon,https://ourworldindata.org/grapher/share-electricity-low-carbon,energia-y-sustentabilidad-1,Impacto ambiental de la energia,2026-05-01 16:28:16,Brunei,Internacional,2024,Porcentaje de electricidad baja en carbono,Electricidad baja en carbono,Renovables y nuclear,anggy jeraldo,Brunei - electricidad baja en carbono - 2024,0.1798561,% electricidad baja en carbono
Our World in Data,share-electricity-low-carbon,https://ourworldindata.org/grapher/share-electricity-low-carbon,energia-y-sustentabilidad-1,Impacto ambiental de la energia,2026-05-01 16:28:16,Trinidad and Tobago,Internacional,2024,Porcentaje de electricidad baja en carbono,Electricidad baja en carbono,Renovables y nuclear,anggy jeraldo,Trinidad and Tobago - electricidad baja en carbono - 2024,0.10471204,% electricidad baja en carbono
Our World in Data,share-electricity-low-carbon,https://ourworldindata.org/grapher/share-electricity-low-carbon,energia-y-sustentabilidad-1,Impacto ambiental de la energia,2026-05-01 16:28:16,Turkmenistan,Internacional,2024,Porcentaje de electricidad baja en carbono,Electricidad baja en carbono,Renovables y nuclear,anggy jeraldo,Turkmenistan - electricidad baja en carbono - 2024,0.030293852,% electricidad baja en carbono
Our World in Data,share-electricity-low-carbon,https://ourworldindata.org/grapher/share-electricity-low-carbon,energia-y-sustentabilidad-1,Impacto ambiental de la energia,2026-05-01 16:28:16,Libya,Internacional,2024,Porcentaje de electricidad baja en carbono,Electricidad baja en carbono,Renovables y nuclear,anggy jeraldo,Libya - electricidad baja en carbono - 2024,0.02891009,% electricidad baja en carbono
Our World in Data,share-electricity-low-carbon,https://ourworldindata.org/grapher/share-electricity-low-carbon,energia-y-sustentabilidad-1,Impacto ambiental de la energia,2026-05-01 16:28:16,East Timor,Internacional,2024,Porcentaje de electricidad baja en carbono,Electricidad baja en carbono,Renovables y nuclear,anggy jeraldo,East Timor - electricidad baja en carbono - 2024,0.0,% electricidad baja en carbono
Our World in Data,share-electricity-low-carbon,https://ourworldindata.org/grapher/share-electricity-low-carbon,energia-y-sustentabilidad-1,Impacto ambiental de la energia,2026-05-01 16:28:16,Gambia,Internacional,2024,Porcentaje de electricidad baja en carbono,Electricidad baja en carbono,Renovables y nuclear,anggy jeraldo,Gambia - electricidad baja en carbono - 2024,0.0,% electricidad baja en carbono
Our World in Data,share-electricity-low-carbon,https://ourworldindata.org/grapher/share-electricity-low-carbon,energia-y-sustentabilidad-1,Impacto ambiental de la energia,2026-05-01 16:28:16,Gibraltar,Internacional,2024,Porcentaje de electricidad baja en carbono,Electricidad baja en carbono,Renovables y nuclear,anggy jeraldo,Gibraltar - electricidad baja en carbono - 2024,0.0,% electricidad baja en carbono
Our World in Data,share-electricity-low-carbon,https://ourworldindata.org/grapher/share-electricity-low-carbon,energia-y-sustentabilidad-1,Impacto ambiental de la energia,2026-05-01 16:28:16,Grenada,Internacional,2024,Porcentaje de electricidad baja en carbono,Electricidad baja en carbono,Renovables y nuclear,anggy jeraldo,Grenada - electricidad baja en carbono - 2024,0.0,% electricidad baja en carbono
Our World in Data,share-electricity-low-carbon,https://ourworldindata.org/grapher/share-electricity-low-carbon,energia-y-sustentabilidad-1,Impacto ambiental de la energia,2026-05-01 16:28:16,Guinea-Bissau,Internacional,2024,Porcentaje de electricidad baja en carbono,Electricidad baja en carbono,Renovables y nuclear,anggy jeraldo,Guinea-Bissau - electricidad baja en carbono - 2024,0.0,% electricidad baja en carbono
Our World in Data,share-electricity-low-carbon,https://ourworldindata.org/grapher/share-electricity-low-carbon,energia-y-sustentabilidad-1,Impacto ambiental de la energia,2026-05-01 16:28:16,Montserrat,Internacional,2024,Porcentaje de electricidad baja en carbono,Electricidad baja en carbono,Renovables y nuclear,anggy jeraldo,Montserrat - electricidad baja en carbono - 2024,0.0,% electricidad baja en carbono
Our World in Data,share-electricity-low-carbon,https://ourworldindata.org/grapher/share-electricity-low-carbon,energia-y-sustentabilidad-1,Impacto ambiental de la energia,2026-05-01 16:28:16,Albania,Internacional,2023,Porcentaje de electricidad baja en carbono,Electricidad baja en carbono,Renovables y nuclear,anggy jeraldo,Albania - electricidad baja en carbono - 2023,100.0,% electricidad baja en carbono
Our World in Data,share-electricity-low-carbon,https://ourworldindata.org/grapher/share-electricity-low-carbon,energia-y-sustentabilidad-1,Impacto ambiental de la energia,2026-05-01 16:28:16,Bhutan,Internacional,2023,Porcentaje de electricidad baja en carbono,Electricidad baja en carbono,Renovables y nuclear,anggy jeraldo,Bhutan - electricidad baja en carbono - 2023,100.0,% electricidad baja en carbono
Our World in Data,share-electricity-low-carbon,https://ourworldindata.org/grapher/share-electricity-low-carbon,energia-y-sustentabilidad-1,Impacto ambiental de la energia,2026-05-01 16:28:16,Central African Republic,Internacional,2023,Porcentaje de electricidad baja en carbono,Electricidad baja en carbono,Renovables y nuclear,anggy jeraldo,Central African Republic - electricidad baja en carbono - 2023,100.0,% electricidad baja en carbono
Our World in Data,share-electricity-low-carbon,https://ourworldindata.org/grapher/share-electricity-low-carbon,energia-y-sustentabilidad-1,Impacto ambiental de la energia,2026-05-01 16:28:16,Democratic Republic of Congo,Internacional,2023,Porcentaje de electricidad baja en carbono,Electricidad baja en carbono,Renovables y nuclear,anggy jeraldo,Democratic Republic of Congo - electricidad baja en carbono - 2023,100.0,% electricidad baja en carbono
Our World in Data,share-electricity-low-carbon,https://ourworldindata.org/grapher/share-electricity-low-carbon,energia-y-sustentabilidad-1,Impacto ambiental de la energia,2026-05-01 16:28:16,Ethiopia,Internacional,2023,Porcentaje de electricidad baja en carbono,Electricidad baja en carbono,Renovables y nuclear,anggy jeraldo,Ethiopia - electricidad baja en carbono - 2023,100.0,% electricidad baja en carbono
Our World in Data,share-electricity-low-carbon,https://ourworldindata.org/grapher/share-electricity-low-carbon,energia-y-sustentabilidad-1,Impacto ambiental de la energia,2026-05-01 16:28:16,Iceland,Internacional,2023,Porcentaje de electricidad baja en carbono,Electricidad baja en carbono,Renovables y nuclear,anggy jeraldo,Iceland - electricidad baja en carbono - 2023,100.0,% electricidad baja en carbono
Our World in Data,share-electricity-low-carbon,https://ourworldindata.org/grapher/share-electricity-low-carbon,energia-y-sustentabilidad-1,Impacto ambiental de la energia,2026-05-01 16:28:16,Nepal,Internacional,2023,Porcentaje de electricidad baja en carbono,Electricidad baja en carbono,Renovables y nuclear,anggy jeraldo,Nepal - electricidad baja en carbono - 2023,100.0,% electricidad baja en carbono
Our World in Data,share-electricity-low-carbon,https://ourworldindata.org/grapher/share-electricity-low-carbon,energia-y-sustentabilidad-1,Impacto ambiental de la energia,2026-05-01 16:28:16,Paraguay,Internacional,2023,Porcentaje de electricidad baja en carbono,Electricidad baja en carbono,Renovables y nuclear,anggy jeraldo,Paraguay - electricidad baja en carbono - 2023,100.0,% electricidad baja en carbono
Our World in Data,share-electricity-low-carbon,https://ourworldindata.org/grapher/share-electricity-low-carbon,energia-y-sustentabilidad-1,Impacto ambiental de la energia,2026-05-01 16:28:16,Costa Rica,Internacional,2023,Porcentaje de electricidad baja en carbono,Electricidad baja en carbono,Renovables y nuclear,anggy jeraldo,Costa Rica - electricidad baja en carbono - 2023,99.91467,% electricidad baja en carbono
Our World in Data,share-electricity-low-carbon,https://ourworldindata.org/grapher/share-electricity-low-carbon,energia-y-sustentabilidad-1,Impacto ambiental de la energia,2026-05-01 16:28:16,Sweden,Internacional,2023,Porcentaje de electricidad baja en carbono,Electricidad baja en carbono,Renovables y nuclear,anggy jeraldo,Sweden - electricidad baja en carbono - 2023,98.59681,% electricidad baja en carbono
Our World in Data,share-electricity-low-carbon,https://ourworldindata.org/grapher/share-electricity-low-carbon,energia-y-sustentabilidad-1,Impacto ambiental de la energia,2026-05-01 16:28:16,Norway,Internacional,2023,Porcentaje de electricidad baja en carbono,Electricidad baja en carbono,Renovables y nuclear,anggy jeraldo,Norway - electricidad baja en carbono - 2023,98.470345,% electricidad baja en carbono
Our World in Data,share-electricity-low-carbon,https://ourworldindata.org/grapher/share-electricity-low-carbon,energia-y-sustentabilidad-1,Impacto ambiental de la energia,2026-05-01 16:28:16,Switzerland,Internacional,2023,Porcentaje de electricidad baja en carbono,Electricidad baja en carbono,Renovables y nuclear,anggy jeraldo,Switzerland - electricidad baja en carbono - 2023,97.95918,% electricidad baja en carbono
Our World in Data,share-electricity-low-carbon,https://ourworldindata.org/grapher/share-electricity-low-carbon,energia-y-sustentabilidad-1,Impacto ambiental de la energia,2026-05-01 16:28:16,Namibia,Internacional,2023,Porcentaje de electricidad baja en carbono,Electricidad baja en carbono,Renovables y nuclear,anggy jeraldo,Namibia - electricidad baja en carbono - 2023,97.8836,% electricidad baja en carbono
Our World in Data,share-electricity-low-carbon,https://ourworldindata.org/grapher/share-electricity-low-carbon,energia-y-sustentabilidad-1,Impacto ambiental de la energia,2026-05-01 16:28:16,Uganda,Internacional,2023,Porcentaje de electricidad baja en carbono,Electricidad baja en carbono,Renovables y nuclear,anggy jeraldo,Uganda - electricidad baja en carbono - 2023,97.05373,% electricidad baja en carbono
Our World in Data,share-electricity-low-carbon,https://ourworldindata.org/grapher/share-electricity-low-carbon,energia-y-sustentabilidad-1,Impacto ambiental de la energia,2026-05-01 16:28:16,Eswatini,Internacional,2023,Porcentaje de electricidad baja en carbono,Electricidad baja en carbono,Renovables y nuclear,anggy jeraldo,Eswatini - electricidad baja en carbono - 2023,96.96969,% electricidad baja en carbono
Our World in Data,share-electricity-low-carbon,https://ourworldindata.org/grapher/share-electricity-low-carbon,energia-y-sustentabilidad-1,Impacto ambiental de la energia,2026-05-01 16:28:16,Malawi,Internacional,2023,Porcentaje de electricidad baja en carbono,Electricidad baja en carbono,Renovables y nuclear,anggy jeraldo,Malawi - electricidad baja en carbono - 2023,95.62841,% electricidad baja en carbono
Our World in Data,share-electricity-low-carbon,https://ourworldindata.org/grapher/share-electricity-low-carbon,energia-y-sustentabilidad-1,Impacto ambiental de la energia,2026-05-01 16:28:16,Sierra Leone,Internacional,2023,Porcentaje de electricidad baja en carbono,Electricidad baja en carbono,Renovables y nuclear,anggy jeraldo,Sierra Leone - electricidad baja en carbono - 2023,95.2381,% electricidad baja en carbono
Our World in Data,share-electricity-low-carbon,https://ourworldindata.org/grapher/share-electricity-low-carbon,energia-y-sustentabilidad-1,Impacto ambiental de la energia,2026-05-01 16:28:16,Tajikistan,Internacional,2023,Porcentaje de electricidad baja en carbono,Electricidad baja en carbono,Renovables y nuclear,anggy jeraldo,Tajikistan - electricidad baja en carbono - 2023,94.206314,% electricidad baja en carbono
Our World in Data,share-electricity-low-carbon,https://ourworldindata.org/grapher/share-electricity-low-carbon,energia-y-sustentabilidad-1,Impacto ambiental de la energia,2026-05-01 16:28:16,Finland,Internacional,2023,Porcentaje de electricidad baja en carbono,Electricidad baja en carbono,Renovables y nuclear,anggy jeraldo,Finland - electricidad baja en carbono - 2023,93.976944,% electricidad baja en carbono
Our World in Data,share-electricity-low-carbon,https://ourworldindata.org/grapher/share-electricity-low-carbon,energia-y-sustentabilidad-1,Impacto ambiental de la energia,2026-05-01 16:28:16,Uruguay,Internacional,2023,Porcentaje de electricidad baja en carbono,Electricidad baja en carbono,Renovables y nuclear,anggy jeraldo,Uruguay - electricidad baja en carbono - 2023,92.4337,% electricidad baja en carbono
Our World in Data,share-electricity-low-carbon,https://ourworldindata.org/grapher/share-electricity-low-carbon,energia-y-sustentabilidad-1,Impacto ambiental de la energia,2026-05-01 16:28:16,France,Internacional,2023,Porcentaje de electricidad baja en carbono,Electricidad baja en carbono,Renovables y nuclear,anggy jeraldo,France - electricidad baja en carbono - 2023,92.084816,% electricidad baja en carbono
Our World in Data,share-electricity-low-carbon,https://ourworldindata.org/grapher/share-electricity-low-carbon,energia-y-sustentabilidad-1,Impacto ambiental de la energia,2026-05-01 16:28:16,Brazil,Internacional,2023,Porcentaje de electricidad baja en carbono,Electricidad baja en carbono,Renovables y nuclear,anggy jeraldo,Brazil - electricidad baja en carbono - 2023,91.04248,% electricidad baja en carbono
Our World in Data,share-electricity-low-carbon,https://ourworldindata.org/grapher/share-electricity-low-carbon,energia-y-sustentabilidad-1,Impacto ambiental de la energia,2026-05-01 16:28:16,Venezuela,Internacional,2023,Porcentaje de electricidad baja en carbono,Electricidad baja en carbono,Renovables y nuclear,anggy jeraldo,Venezuela - electricidad baja en carbono - 2023,90.34186,% electricidad baja en carbono
Our World in Data,share-electricity-low-carbon,https://ourworldindata.org/grapher/share-electricity-low-carbon,energia-y-sustentabilidad-1,Impacto ambiental de la energia,2026-05-01 16:28:16,Kenya,Internacional,2023,Porcentaje de electricidad baja en carbono,Electricidad baja en carbono,Renovables y nuclear,anggy jeraldo,Kenya - electricidad baja en carbono - 2023,89.765625,% electricidad baja en carbono
Our World in Data,share-electricity-low-carbon,https://ourworldindata.org/grapher/share-electricity-low-carbon,energia-y-sustentabilidad-1,Impacto ambiental de la energia,2026-05-01 16:28:16,New Zealand,Internacional,2023,Porcentaje de electricidad baja en carbono,Electricidad baja en carbono,Renovables y nuclear,anggy jeraldo,New Zealand - electricidad baja en carbono - 2023,89.62462,% electricidad baja en carbono
Our World in Data,share-electricity-low-carbon,https://ourworldindata.org/grapher/share-electricity-low-carbon,energia-y-sustentabilidad-1,Impacto ambiental de la energia,2026-05-01 16:28:16,Luxembourg,Internacional,2023,Porcentaje de electricidad baja en carbono,Electricidad baja en carbono,Renovables y nuclear,anggy jeraldo,Luxembourg - electricidad baja en carbono - 2023,89.3617,% electricidad baja en carbono
Our World in Data,share-electricity-low-carbon,https://ourworldindata.org/grapher/share-electricity-low-carbon,energia-y-sustentabilidad-1,Impacto ambiental de la energia,2026-05-01 16:28:16,Zambia,Internacional,2023,Porcentaje de electricidad baja en carbono,Electricidad baja en carbono,Renovables y nuclear,anggy jeraldo,Zambia - electricidad baja en carbono - 2023,89.00308,% electricidad baja en carbono
Our World in Data,share-electricity-low-carbon,https://ourworldindata.org/grapher/share-electricity-low-carbon,energia-y-sustentabilidad-1,Impacto ambiental de la energia,2026-05-01 16:28:16,Belize,Internacional,2023,Porcentaje de electricidad baja en carbono,Electricidad baja en carbono,Renovables y nuclear,anggy jeraldo,Belize - electricidad baja en carbono - 2023,88.88889,% electricidad baja en carbono
Our World in Data,share-electricity-low-carbon,https://ourworldindata.org/grapher/share-electricity-low-carbon,energia-y-sustentabilidad-1,Impacto ambiental de la energia,2026-05-01 16:28:16,El Salvador,Internacional,2023,Porcentaje de electricidad baja en carbono,Electricidad baja en carbono,Renovables y nuclear,anggy jeraldo,El Salvador - electricidad baja en carbono - 2023,87.79264,% electricidad baja en carbono
Our World in Data,share-electricity-low-carbon,https://ourworldindata.org/grapher/share-electricity-low-carbon,energia-y-sustentabilidad-1,Impacto ambiental de la energia,2026-05-01 16:28:16,Afghanistan,Internacional,2023,Porcentaje de electricidad baja en carbono,Electricidad baja en carbono,Renovables y nuclear,anggy jeraldo,Afghanistan - electricidad baja en carbono - 2023,86.59793,% electricidad baja en carbono
Our World in Data,share-electricity-low-carbon,https://ourworldindata.org/grapher/share-electricity-low-carbon,energia-y-sustentabilidad-1,Impacto ambiental de la energia,2026-05-01 16:28:16,Kyrgyzstan,Internacional,2023,Porcentaje de electricidad baja en carbono,Electricidad baja en carbono,Renovables y nuclear,anggy jeraldo,Kyrgyzstan - electricidad baja en carbono - 2023,86.47059,% electricidad baja en carbono
Our World in Data,share-electricity-low-carbon,https://ourworldindata.org/grapher/share-electricity-low-carbon,energia-y-sustentabilidad-1,Impacto ambiental de la energia,2026-05-01 16:28:16,Denmark,Internacional,2023,Porcentaje de electricidad baja en carbono,Electricidad baja en carbono,Renovables y nuclear,anggy jeraldo,Denmark - electricidad baja en carbono - 2023,86.39717,% electricidad baja en carbono
Our World in Data,share-electricity-low-carbon,https://ourworldindata.org/grapher/share-electricity-low-carbon,energia-y-sustentabilidad-1,Impacto ambiental de la energia,2026-05-01 16:28:16,Slovakia,Internacional,2023,Porcentaje de electricidad baja en carbono,Electricidad baja en carbono,Renovables y nuclear,anggy jeraldo,Slovakia - electricidad baja en carbono - 2023,84.79513,% electricidad baja en carbono
Our World in Data,share-electricity-low-carbon,https://ourworldindata.org/grapher/share-electricity-low-carbon,energia-y-sustentabilidad-1,Impacto ambiental de la energia,2026-05-01 16:28:16,Austria,Internacional,2023,Porcentaje de electricidad baja en carbono,Electricidad baja en carbono,Renovables y nuclear,anggy jeraldo,Austria - electricidad baja en carbono - 2023,84.75626,% electricidad baja en carbono
Our World in Data,share-electricity-low-carbon,https://ourworldindata.org/grapher/share-electricity-low-carbon,energia-y-sustentabilidad-1,Impacto ambiental de la energia,2026-05-01 16:28:16,Lithuania,Internacional,2023,Porcentaje de electricidad baja en carbono,Electricidad baja en carbono,Renovables y nuclear,anggy jeraldo,Lithuania - electricidad baja en carbono - 2023,83.77358,% electricidad baja en carbono
Our World in Data,share-electricity-low-carbon,https://ourworldindata.org/grapher/share-electricity-low-carbon,energia-y-sustentabilidad-1,Impacto ambiental de la energia,2026-05-01 16:28:16,Mozambique,Internacional,2023,Porcentaje de electricidad baja en carbono,Electricidad baja en carbono,Renovables y nuclear,anggy jeraldo,Mozambique - electricidad baja en carbono - 2023,83.56714,% electricidad baja en carbono
Our World in Data,share-electricity-low-carbon,https://ourworldindata.org/grapher/share-electricity-low-carbon,energia-y-sustentabilidad-1,Impacto ambiental de la energia,2026-05-01 16:28:16,Greenland,Internacional,2023,Porcentaje de electricidad baja en carbono,Electricidad baja en carbono,Renovables y nuclear,anggy jeraldo,Greenland - electricidad baja en carbono - 2023,81.96721,% electricidad baja en carbono
Our World in Data,share-electricity-low-carbon,https://ourworldindata.org/grapher/share-electricity-low-carbon,energia-y-sustentabilidad-1,Impacto ambiental de la energia,2026-05-01 16:28:16,Sudan,Internacional,2023,Porcentaje de electricidad baja en carbono,Electricidad baja en carbono,Renovables y nuclear,anggy jeraldo,Sudan - electricidad baja en carbono - 2023,80.97864,% electricidad baja en carbono
Our World in Data,share-electricity-low-carbon,https://ourworldindata.org/grapher/share-electricity-low-carbon,energia-y-sustentabilidad-1,Impacto ambiental de la energia,2026-05-01 16:28:16,Middle Africa (EI),Internacional,2023,Porcentaje de electricidad baja en carbono,Electricidad baja en carbono,Renovables y nuclear,anggy jeraldo,Middle Africa (EI) - electricidad baja en carbono - 2023,79.79843,% electricidad baja en carbono
Our World in Data,share-electricity-low-carbon,https://ourworldindata.org/grapher/share-electricity-low-carbon,energia-y-sustentabilidad-1,Impacto ambiental de la energia,2026-05-01 16:28:16,Canada,Internacional,2023,Porcentaje de electricidad baja en carbono,Electricidad baja en carbono,Renovables y nuclear,anggy jeraldo,Canada - electricidad baja en carbono - 2023,79.18427,% electricidad baja en carbono
Our World in Data,share-electricity-low-carbon,https://ourworldindata.org/grapher/share-electricity-low-carbon,energia-y-sustentabilidad-1,Impacto ambiental de la energia,2026-05-01 16:28:16,South America,Internacional,2023,Porcentaje de electricidad baja en carbono,Electricidad baja en carbono,Renovables y nuclear,anggy jeraldo,South America - electricidad baja en carbono - 2023,79.05504,% electricidad baja en carbono
Our World in Data,share-electricity-low-carbon,https://ourworldindata.org/grapher/share-electricity-low-carbon,energia-y-sustentabilidad-1,Impacto ambiental de la energia,2026-05-01 16:28:16,Latvia,Internacional,2023,Porcentaje de electricidad baja en carbono,Electricidad baja en carbono,Renovables y nuclear,anggy jeraldo,Latvia - electricidad baja en carbono - 2023,77.74294,% electricidad baja en carbono
Our World in Data,share-electricity-low-carbon,https://ourworldindata.org/grapher/share-electricity-low-carbon,energia-y-sustentabilidad-1,Impacto ambiental de la energia,2026-05-01 16:28:16,Laos,Internacional,2023,Porcentaje de electricidad baja en carbono,Electricidad baja en carbono,Renovables y nuclear,anggy jeraldo,Laos - electricidad baja en carbono - 2023,76.71128,% electricidad baja en carbono
Our World in Data,share-electricity-low-carbon,https://ourworldindata.org/grapher/share-electricity-low-carbon,energia-y-sustentabilidad-1,Impacto ambiental de la energia,2026-05-01 16:28:16,Slovenia,Internacional,2023,Porcentaje de electricidad baja en carbono,Electricidad baja en carbono,Renovables y nuclear,anggy jeraldo,Slovenia - electricidad baja en carbono - 2023,76.52733,% electricidad baja en carbono
Our World in Data,share-electricity-low-carbon,https://ourworldindata.org/grapher/share-electricity-low-carbon,energia-y-sustentabilidad-1,Impacto ambiental de la energia,2026-05-01 16:28:16,Georgia,Internacional,2023,Porcentaje de electricidad baja en carbono,Electricidad baja en carbono,Renovables y nuclear,anggy jeraldo,Georgia - electricidad baja en carbono - 2023,76.09147,% electricidad baja en carbono
Our World in Data,share-electricity-low-carbon,https://ourworldindata.org/grapher/share-electricity-low-carbon,energia-y-sustentabilidad-1,Impacto ambiental de la energia,2026-05-01 16:28:16,Burundi,Internacional,2023,Porcentaje de electricidad baja en carbono,Electricidad baja en carbono,Renovables y nuclear,anggy jeraldo,Burundi - electricidad baja en carbono - 2023,76.0,% electricidad baja en carbono
Our World in Data,share-electricity-low-carbon,https://ourworldindata.org/grapher/share-electricity-low-carbon,energia-y-sustentabilidad-1,Impacto ambiental de la energia,2026-05-01 16:28:16,Eastern Africa (EI),Internacional,2023,Porcentaje de electricidad baja en carbono,Electricidad baja en carbono,Renovables y nuclear,anggy jeraldo,Eastern Africa (EI) - electricidad baja en carbono - 2023,74.7068,% electricidad baja en carbono
Our World in Data,share-electricity-low-carbon,https://ourworldindata.org/grapher/share-electricity-low-carbon,energia-y-sustentabilidad-1,Impacto ambiental de la energia,2026-05-01 16:28:16,Guinea,Internacional,2023,Porcentaje de electricidad baja en carbono,Electricidad baja en carbono,Renovables y nuclear,anggy jeraldo,Guinea - electricidad baja en carbono - 2023,74.5,% electricidad baja en carbono
Our World in Data,share-electricity-low-carbon,https://ourworldindata.org/grapher/share-electricity-low-carbon,energia-y-sustentabilidad-1,Impacto ambiental de la energia,2026-05-01 16:28:16,Portugal,Internacional,2023,Porcentaje de electricidad baja en carbono,Electricidad baja en carbono,Renovables y nuclear,anggy jeraldo,Portugal - electricidad baja en carbono - 2023,74.46901,% electricidad baja en carbono
Our World in Data,share-electricity-low-carbon,https://ourworldindata.org/grapher/share-electricity-low-carbon,energia-y-sustentabilidad-1,Impacto ambiental de la energia,2026-05-01 16:28:16,Angola,Internacional,2023,Porcentaje de electricidad baja en carbono,Electricidad baja en carbono,Renovables y nuclear,anggy jeraldo,Angola - electricidad baja en carbono - 2023,74.031746,% electricidad baja en carbono
Our World in Data,share-electricity-low-carbon,https://ourworldindata.org/grapher/share-electricity-low-carbon,energia-y-sustentabilidad-1,Impacto ambiental de la energia,2026-05-01 16:28:16,South and Central America (EI),Internacional,2023,Porcentaje de electricidad baja en carbono,Electricidad baja en carbono,Renovables y nuclear,anggy jeraldo,South and Central America (EI) - electricidad baja en carbono - 2023,74.009796,% electricidad baja en carbono
Our World in Data,share-electricity-low-carbon,https://ourworldindata.org/grapher/share-electricity-low-carbon,energia-y-sustentabilidad-1,Impacto ambiental de la energia,2026-05-01 16:28:16,Ecuador,Internacional,2023,Porcentaje de electricidad baja en carbono,Electricidad baja en carbono,Renovables y nuclear,anggy jeraldo,Ecuador - electricidad baja en carbono - 2023,73.618095,% electricidad baja en carbono
Our World in Data,share-electricity-low-carbon,https://ourworldindata.org/grapher/share-electricity-low-carbon,energia-y-sustentabilidad-1,Impacto ambiental de la energia,2026-05-01 16:28:16,Belgium,Internacional,2023,Porcentaje de electricidad baja en carbono,Electricidad baja en carbono,Renovables y nuclear,anggy jeraldo,Belgium - electricidad baja en carbono - 2023,73.52977,% electricidad baja en carbono
Our World in Data,share-electricity-low-carbon,https://ourworldindata.org/grapher/share-electricity-low-carbon,energia-y-sustentabilidad-1,Impacto ambiental de la energia,2026-05-01 16:28:16,Cameroon,Internacional,2023,Porcentaje de electricidad baja en carbono,Electricidad baja en carbono,Renovables y nuclear,anggy jeraldo,Cameroon - electricidad baja en carbono - 2023,73.2687,% electricidad baja en carbono
Our World in Data,share-electricity-low-carbon,https://ourworldindata.org/grapher/share-electricity-low-carbon,energia-y-sustentabilidad-1,Impacto ambiental de la energia,2026-05-01 16:28:16,Spain,Internacional,2023,Porcentaje de electricidad baja en carbono,Electricidad baja en carbono,Renovables y nuclear,anggy jeraldo,Spain - electricidad baja en carbono - 2023,71.88922,% electricidad baja en carbono
Our World in Data,share-electricity-low-carbon,https://ourworldindata.org/grapher/share-electricity-low-carbon,energia-y-sustentabilidad-1,Impacto ambiental de la energia,2026-05-01 16:28:16,Hungary,Internacional,2023,Porcentaje de electricidad baja en carbono,Electricidad baja en carbono,Renovables y nuclear,anggy jeraldo,Hungary - electricidad baja en carbono - 2023,71.18739,% electricidad baja en carbono
Our World in Data,share-electricity-low-carbon,https://ourworldindata.org/grapher/share-electricity-low-carbon,energia-y-sustentabilidad-1,Impacto ambiental de la energia,2026-05-01 16:28:16,Croatia,Internacional,2023,Porcentaje de electricidad baja en carbono,Electricidad baja en carbono,Renovables y nuclear,anggy jeraldo,Croatia - electricidad baja en carbono - 2023,70.126144,% electricidad baja en carbono
Our World in Data,share-electricity-low-carbon,https://ourworldindata.org/grapher/share-electricity-low-carbon,energia-y-sustentabilidad-1,Impacto ambiental de la energia,2026-05-01 16:28:16,Romania,Internacional,2023,Porcentaje de electricidad baja en carbono,Electricidad baja en carbono,Renovables y nuclear,anggy jeraldo,Romania - electricidad baja en carbono - 2023,69.446884,% electricidad baja en carbono
Our World in Data,share-electricity-low-carbon,https://ourworldindata.org/grapher/share-electricity-low-carbon,energia-y-sustentabilidad-1,Impacto ambiental de la energia,2026-05-01 16:28:16,EU (Ember),Internacional,2023,Porcentaje de electricidad baja en carbono,Electricidad baja en carbono,Renovables y nuclear,anggy jeraldo,EU (Ember) - electricidad baja en carbono - 2023,68.10198,% electricidad baja en carbono
Our World in Data,share-electricity-low-carbon,https://ourworldindata.org/grapher/share-electricity-low-carbon,energia-y-sustentabilidad-1,Impacto ambiental de la energia,2026-05-01 16:28:16,European Union (27),Internacional,2023,Porcentaje de electricidad baja en carbono,Electricidad baja en carbono,Renovables y nuclear,anggy jeraldo,European Union (27) - electricidad baja en carbono - 2023,68.10198,% electricidad baja en carbono
Our World in Data,share-electricity-low-carbon,https://ourworldindata.org/grapher/share-electricity-low-carbon,energia-y-sustentabilidad-1,Impacto ambiental de la energia,2026-05-01 16:28:16,Guatemala,Internacional,2023,Porcentaje de electricidad baja en carbono,Electricidad baja en carbono,Renovables y nuclear,anggy jeraldo,Guatemala - electricidad baja en carbono - 2023,67.27029,% electricidad baja en carbono
Our World in Data,share-electricity-low-carbon,https://ourworldindata.org/grapher/share-electricity-low-carbon,energia-y-sustentabilidad-1,Impacto ambiental de la energia,2026-05-01 16:28:16,Colombia,Internacional,2023,Porcentaje de electricidad baja en carbono,Electricidad baja en carbono,Renovables y nuclear,anggy jeraldo,Colombia - electricidad baja en carbono - 2023,66.99007,% electricidad baja en carbono
Our World in Data,share-electricity-low-carbon,https://ourworldindata.org/grapher/share-electricity-low-carbon,energia-y-sustentabilidad-1,Impacto ambiental de la energia,2026-05-01 16:28:16,Europe (EI),Internacional,2023,Porcentaje de electricidad baja en carbono,Electricidad baja en carbono,Renovables y nuclear,anggy jeraldo,Europe (EI) - electricidad baja en carbono - 2023,65.90298,% electricidad baja en carbono
Our World in Data,share-electricity-low-carbon,https://ourworldindata.org/grapher/share-electricity-low-carbon,energia-y-sustentabilidad-1,Impacto ambiental de la energia,2026-05-01 16:28:16,Central America (EI),Internacional,2023,Porcentaje de electricidad baja en carbono,Electricidad baja en carbono,Renovables y nuclear,anggy jeraldo,Central America (EI) - electricidad baja en carbono - 2023,65.79117,% electricidad baja en carbono
Our World in Data,share-electricity-low-carbon,https://ourworldindata.org/grapher/share-electricity-low-carbon,energia-y-sustentabilidad-1,Impacto ambiental de la energia,2026-05-01 16:28:16,Bulgaria,Internacional,2023,Porcentaje de electricidad baja en carbono,Electricidad baja en carbono,Renovables y nuclear,anggy jeraldo,Bulgaria - electricidad baja en carbono - 2023,65.3942,% electricidad baja en carbono
Our World in Data,share-electricity-low-carbon,https://ourworldindata.org/grapher/share-electricity-low-carbon,energia-y-sustentabilidad-1,Impacto ambiental de la energia,2026-05-01 16:28:16,French Guiana,Internacional,2023,Porcentaje de electricidad baja en carbono,Electricidad baja en carbono,Renovables y nuclear,anggy jeraldo,French Guiana - electricidad baja en carbono - 2023,65.30612,% electricidad baja en carbono
Our World in Data,share-electricity-low-carbon,https://ourworldindata.org/grapher/share-electricity-low-carbon,energia-y-sustentabilidad-1,Impacto ambiental de la energia,2026-05-01 16:28:16,Latin America and Caribbean (Ember),Internacional,2023,Porcentaje de electricidad baja en carbono,Electricidad baja en carbono,Renovables y nuclear,anggy jeraldo,Latin America and Caribbean (Ember) - electricidad baja en carbono - 2023,64.35768,% electricidad baja en carbono
Our World in Data,share-electricity-low-carbon,https://ourworldindata.org/grapher/share-electricity-low-carbon,energia-y-sustentabilidad-1,Impacto ambiental de la energia,2026-05-01 16:28:16,Fiji,Internacional,2023,Porcentaje de electricidad baja en carbono,Electricidad baja en carbono,Renovables y nuclear,anggy jeraldo,Fiji - electricidad baja en carbono - 2023,63.478264,% electricidad baja en carbono
Our World in Data,share-electricity-low-carbon,https://ourworldindata.org/grapher/share-electricity-low-carbon,energia-y-sustentabilidad-1,Impacto ambiental de la energia,2026-05-01 16:28:16,Chile,Internacional,2023,Porcentaje de electricidad baja en carbono,Electricidad baja en carbono,Renovables y nuclear,anggy jeraldo,Chile - electricidad baja en carbono - 2023,63.140198,% electricidad baja en carbono
Our World in Data,share-electricity-low-carbon,https://ourworldindata.org/grapher/share-electricity-low-carbon,energia-y-sustentabilidad-1,Impacto ambiental de la energia,2026-05-01 16:28:16,North Korea,Internacional,2023,Porcentaje de electricidad baja en carbono,Electricidad baja en carbono,Renovables y nuclear,anggy jeraldo,North Korea - electricidad baja en carbono - 2023,62.687126,% electricidad baja en carbono
Our World in Data,share-electricity-low-carbon,https://ourworldindata.org/grapher/share-electricity-low-carbon,energia-y-sustentabilidad-1,Impacto ambiental de la energia,2026-05-01 16:28:16,Nicaragua,Internacional,2023,Porcentaje de electricidad baja en carbono,Electricidad baja en carbono,Renovables y nuclear,anggy jeraldo,Nicaragua - electricidad baja en carbono - 2023,62.389378,% electricidad baja en carbono
Our World in Data,share-electricity-low-carbon,https://ourworldindata.org/grapher/share-electricity-low-carbon,energia-y-sustentabilidad-1,Impacto ambiental de la energia,2026-05-01 16:28:16,Low-income countries,Internacional,2023,Porcentaje de electricidad baja en carbono,Electricidad baja en carbono,Renovables y nuclear,anggy jeraldo,Low-income countries - electricidad baja en carbono - 2023,61.74238,% electricidad baja en carbono
Our World in Data,share-electricity-low-carbon,https://ourworldindata.org/grapher/share-electricity-low-carbon,energia-y-sustentabilidad-1,Impacto ambiental de la energia,2026-05-01 16:28:16,Montenegro,Internacional,2023,Porcentaje de electricidad baja en carbono,Electricidad baja en carbono,Renovables y nuclear,anggy jeraldo,Montenegro - electricidad baja en carbono - 2023,60.859188,% electricidad baja en carbono
Our World in Data,share-electricity-low-carbon,https://ourworldindata.org/grapher/share-electricity-low-carbon,energia-y-sustentabilidad-1,Impacto ambiental de la energia,2026-05-01 16:28:16,Panama,Internacional,2023,Porcentaje de electricidad baja en carbono,Electricidad baja en carbono,Renovables y nuclear,anggy jeraldo,Panama - electricidad baja en carbono - 2023,60.64073,% electricidad baja en carbono
Our World in Data,share-electricity-low-carbon,https://ourworldindata.org/grapher/share-electricity-low-carbon,energia-y-sustentabilidad-1,Impacto ambiental de la energia,2026-05-01 16:28:16,United Kingdom,Internacional,2023,Porcentaje de electricidad baja en carbono,Electricidad baja en carbono,Renovables y nuclear,anggy jeraldo,United Kingdom - electricidad baja en carbono - 2023,60.25707,% electricidad baja en carbono
Our World in Data,share-electricity-low-carbon,https://ourworldindata.org/grapher/share-electricity-low-carbon,energia-y-sustentabilidad-1,Impacto ambiental de la energia,2026-05-01 16:28:16,Europe,Internacional,2023,Porcentaje de electricidad baja en carbono,Electricidad baja en carbono,Renovables y nuclear,anggy jeraldo,Europe - electricidad baja en carbono - 2023,60.089237,% electricidad baja en carbono
Our World in Data,share-electricity-low-carbon,https://ourworldindata.org/grapher/share-electricity-low-carbon,energia-y-sustentabilidad-1,Impacto ambiental de la energia,2026-05-01 16:28:16,Europe (Ember),Internacional,2023,Porcentaje de electricidad baja en carbono,Electricidad baja en carbono,Renovables y nuclear,anggy jeraldo,Europe (Ember) - electricidad baja en carbono - 2023,59.130474,% electricidad baja en carbono
Our World in Data,share-electricity-low-carbon,https://ourworldindata.org/grapher/share-electricity-low-carbon,energia-y-sustentabilidad-1,Impacto ambiental de la energia,2026-05-01 16:28:16,Liberia,Internacional,2023,Porcentaje de electricidad baja en carbono,Electricidad baja en carbono,Renovables y nuclear,anggy jeraldo,Liberia - electricidad baja en carbono - 2023,57.37705,% electricidad baja en carbono
Our World in Data,share-electricity-low-carbon,https://ourworldindata.org/grapher/share-electricity-low-carbon,energia-y-sustentabilidad-1,Impacto ambiental de la energia,2026-05-01 16:28:16,Armenia,Internacional,2023,Porcentaje de electricidad baja en carbono,Electricidad baja en carbono,Renovables y nuclear,anggy jeraldo,Armenia - electricidad baja en carbono - 2023,56.99422,% electricidad baja en carbono
Our World in Data,share-electricity-low-carbon,https://ourworldindata.org/grapher/share-electricity-low-carbon,energia-y-sustentabilidad-1,Impacto ambiental de la energia,2026-05-01 16:28:16,Reunion,Internacional,2023,Porcentaje de electricidad baja en carbono,Electricidad baja en carbono,Renovables y nuclear,anggy jeraldo,Reunion - electricidad baja en carbono - 2023,56.677525,% electricidad baja en carbono
Our World in Data,share-electricity-low-carbon,https://ourworldindata.org/grapher/share-electricity-low-carbon,energia-y-sustentabilidad-1,Impacto ambiental de la energia,2026-05-01 16:28:16,Zimbabwe,Internacional,2023,Porcentaje de electricidad baja en carbono,Electricidad baja en carbono,Renovables y nuclear,anggy jeraldo,Zimbabwe - electricidad baja en carbono - 2023,56.15616,% electricidad baja en carbono
Our World in Data,share-electricity-low-carbon,https://ourworldindata.org/grapher/share-electricity-low-carbon,energia-y-sustentabilidad-1,Impacto ambiental de la energia,2026-05-01 16:28:16,Germany,Internacional,2023,Porcentaje de electricidad baja en carbono,Electricidad baja en carbono,Renovables y nuclear,anggy jeraldo,Germany - electricidad baja en carbono - 2023,56.109886,% electricidad baja en carbono
Our World in Data,share-electricity-low-carbon,https://ourworldindata.org/grapher/share-electricity-low-carbon,energia-y-sustentabilidad-1,Impacto ambiental de la energia,2026-05-01 16:28:16,Czechia,Internacional,2023,Porcentaje de electricidad baja en carbono,Electricidad baja en carbono,Renovables y nuclear,anggy jeraldo,Czechia - electricidad baja en carbono - 2023,54.8153,% electricidad baja en carbono
Our World in Data,share-electricity-low-carbon,https://ourworldindata.org/grapher/share-electricity-low-carbon,energia-y-sustentabilidad-1,Impacto ambiental de la energia,2026-05-01 16:28:16,Peru,Internacional,2023,Porcentaje de electricidad baja en carbono,Electricidad baja en carbono,Renovables y nuclear,anggy jeraldo,Peru - electricidad baja en carbono - 2023,54.37818,% electricidad baja en carbono
Our World in Data,share-electricity-low-carbon,https://ourworldindata.org/grapher/share-electricity-low-carbon,energia-y-sustentabilidad-1,Impacto ambiental de la energia,2026-05-01 16:28:16,Honduras,Internacional,2023,Porcentaje de electricidad baja en carbono,Electricidad baja en carbono,Renovables y nuclear,anggy jeraldo,Honduras - electricidad baja en carbono - 2023,54.36349,% electricidad baja en carbono
Our World in Data,share-electricity-low-carbon,https://ourworldindata.org/grapher/share-electricity-low-carbon,energia-y-sustentabilidad-1,Impacto ambiental de la energia,2026-05-01 16:28:16,Suriname,Internacional,2023,Porcentaje de electricidad baja en carbono,Electricidad baja en carbono,Renovables y nuclear,anggy jeraldo,Suriname - electricidad baja en carbono - 2023,53.17919,% electricidad baja en carbono
Our World in Data,share-electricity-low-carbon,https://ourworldindata.org/grapher/share-electricity-low-carbon,energia-y-sustentabilidad-1,Impacto ambiental de la energia,2026-05-01 16:28:16,Netherlands,Internacional,2023,Porcentaje de electricidad baja en carbono,Electricidad baja en carbono,Renovables y nuclear,anggy jeraldo,Netherlands - electricidad baja en carbono - 2023,50.708572,% electricidad baja en carbono
Our World in Data,share-electricity-low-carbon,https://ourworldindata.org/grapher/share-electricity-low-carbon,energia-y-sustentabilidad-1,Impacto ambiental de la energia,2026-05-01 16:28:16,OECD (Ember),Internacional,2023,Porcentaje de electricidad baja en carbono,Electricidad baja en carbono,Renovables y nuclear,anggy jeraldo,OECD (Ember) - electricidad baja en carbono - 2023,50.076546,% electricidad baja en carbono
Our World in Data,share-electricity-low-carbon,https://ourworldindata.org/grapher/share-electricity-low-carbon,energia-y-sustentabilidad-1,Impacto ambiental de la energia,2026-05-01 16:28:16,Cook Islands,Internacional,2023,Porcentaje de electricidad baja en carbono,Electricidad baja en carbono,Renovables y nuclear,anggy jeraldo,Cook Islands - electricidad baja en carbono - 2023,50.0,% electricidad baja en carbono
Our World in Data,share-electricity-low-carbon,https://ourworldindata.org/grapher/share-electricity-low-carbon,energia-y-sustentabilidad-1,Impacto ambiental de la energia,2026-05-01 16:28:16,Greece,Internacional,2023,Porcentaje de electricidad baja en carbono,Electricidad baja en carbono,Renovables y nuclear,anggy jeraldo,Greece - electricidad baja en carbono - 2023,49.82628,% electricidad baja en carbono
Our World in Data,share-electricity-low-carbon,https://ourworldindata.org/grapher/share-electricity-low-carbon,energia-y-sustentabilidad-1,Impacto ambiental de la energia,2026-05-01 16:28:16,OECD (EI),Internacional,2023,Porcentaje de electricidad baja en carbono,Electricidad baja en carbono,Renovables y nuclear,anggy jeraldo,OECD (EI) - electricidad baja en carbono - 2023,49.266064,% electricidad baja en carbono
Our World in Data,share-electricity-low-carbon,https://ourworldindata.org/grapher/share-electricity-low-carbon,energia-y-sustentabilidad-1,Impacto ambiental de la energia,2026-05-01 16:28:16,Rwanda,Internacional,2023,Porcentaje de electricidad baja en carbono,Electricidad baja en carbono,Renovables y nuclear,anggy jeraldo,Rwanda - electricidad baja en carbono - 2023,49.09091,% electricidad baja en carbono
Our World in Data,share-electricity-low-carbon,https://ourworldindata.org/grapher/share-electricity-low-carbon,energia-y-sustentabilidad-1,Impacto ambiental de la energia,2026-05-01 16:28:16,Estonia,Internacional,2023,Porcentaje de electricidad baja en carbono,Electricidad baja en carbono,Renovables y nuclear,anggy jeraldo,Estonia - electricidad baja en carbono - 2023,48.780487,% electricidad baja en carbono
Our World in Data,share-electricity-low-carbon,https://ourworldindata.org/grapher/share-electricity-low-carbon,energia-y-sustentabilidad-1,Impacto ambiental de la energia,2026-05-01 16:28:16,Sri Lanka,Internacional,2023,Porcentaje de electricidad baja en carbono,Electricidad baja en carbono,Renovables y nuclear,anggy jeraldo,Sri Lanka - electricidad baja en carbono - 2023,48.5662,% electricidad baja en carbono
Our World in Data,share-electricity-low-carbon,https://ourworldindata.org/grapher/share-electricity-low-carbon,energia-y-sustentabilidad-1,Impacto ambiental de la energia,2026-05-01 16:28:16,G7 (Ember),Internacional,2023,Porcentaje de electricidad baja en carbono,Electricidad baja en carbono,Renovables y nuclear,anggy jeraldo,G7 (Ember) - electricidad baja en carbono - 2023,48.153065,% electricidad baja en carbono
Our World in Data,share-electricity-low-carbon,https://ourworldindata.org/grapher/share-electricity-low-carbon,energia-y-sustentabilidad-1,Impacto ambiental de la energia,2026-05-01 16:28:16,Faroe Islands,Internacional,2023,Porcentaje de electricidad baja en carbono,Electricidad baja en carbono,Renovables y nuclear,anggy jeraldo,Faroe Islands - electricidad baja en carbono - 2023,46.938774,% electricidad baja en carbono
Our World in Data,share-electricity-low-carbon,https://ourworldindata.org/grapher/share-electricity-low-carbon,energia-y-sustentabilidad-1,Impacto ambiental de la energia,2026-05-01 16:28:16,Myanmar,Internacional,2023,Porcentaje de electricidad baja en carbono,Electricidad baja en carbono,Renovables y nuclear,anggy jeraldo,Myanmar - electricidad baja en carbono - 2023,46.492893,% electricidad baja en carbono
Our World in Data,share-electricity-low-carbon,https://ourworldindata.org/grapher/share-electricity-low-carbon,energia-y-sustentabilidad-1,Impacto ambiental de la energia,2026-05-01 16:28:16,Pakistan,Internacional,2023,Porcentaje de electricidad baja en carbono,Electricidad baja en carbono,Renovables y nuclear,anggy jeraldo,Pakistan - electricidad baja en carbono - 2023,46.23481,% electricidad baja en carbono
Our World in Data,share-electricity-low-carbon,https://ourworldindata.org/grapher/share-electricity-low-carbon,energia-y-sustentabilidad-1,Impacto ambiental de la energia,2026-05-01 16:28:16,North America (Ember),Internacional,2023,Porcentaje de electricidad baja en carbono,Electricidad baja en carbono,Renovables y nuclear,anggy jeraldo,North America (Ember) - electricidad baja en carbono - 2023,45.915672,% electricidad baja en carbono
Our World in Data,share-electricity-low-carbon,https://ourworldindata.org/grapher/share-electricity-low-carbon,energia-y-sustentabilidad-1,Impacto ambiental de la energia,2026-05-01 16:28:16,High-income countries,Internacional,2023,Porcentaje de electricidad baja en carbono,Electricidad baja en carbono,Renovables y nuclear,anggy jeraldo,High-income countries - electricidad baja en carbono - 2023,45.724987,% electricidad baja en carbono
Our World in Data,share-electricity-low-carbon,https://ourworldindata.org/grapher/share-electricity-low-carbon,energia-y-sustentabilidad-1,Impacto ambiental de la energia,2026-05-01 16:28:16,Ireland,Internacional,2023,Porcentaje de electricidad baja en carbono,Electricidad baja en carbono,Renovables y nuclear,anggy jeraldo,Ireland - electricidad baja en carbono - 2023,45.26149,% electricidad baja en carbono
Our World in Data,share-electricity-low-carbon,https://ourworldindata.org/grapher/share-electricity-low-carbon,energia-y-sustentabilidad-1,Impacto ambiental de la energia,2026-05-01 16:28:16,Italy,Internacional,2023,Porcentaje de electricidad baja en carbono,Electricidad baja en carbono,Renovables y nuclear,anggy jeraldo,Italy - electricidad baja en carbono - 2023,44.5498,% electricidad baja en carbono
Our World in Data,share-electricity-low-carbon,https://ourworldindata.org/grapher/share-electricity-low-carbon,energia-y-sustentabilidad-1,Impacto ambiental de la energia,2026-05-01 16:28:16,North America,Internacional,2023,Porcentaje de electricidad baja en carbono,Electricidad baja en carbono,Renovables y nuclear,anggy jeraldo,North America - electricidad baja en carbono - 2023,44.149654,% electricidad baja en carbono
Our World in Data,share-electricity-low-carbon,https://ourworldindata.org/grapher/share-electricity-low-carbon,energia-y-sustentabilidad-1,Impacto ambiental de la energia,2026-05-01 16:28:16,Madagascar,Internacional,2023,Porcentaje de electricidad baja en carbono,Electricidad baja en carbono,Renovables y nuclear,anggy jeraldo,Madagascar - electricidad baja en carbono - 2023,43.951614,% electricidad baja en carbono
Our World in Data,share-electricity-low-carbon,https://ourworldindata.org/grapher/share-electricity-low-carbon,energia-y-sustentabilidad-1,Impacto ambiental de la energia,2026-05-01 16:28:16,North America (EI),Internacional,2023,Porcentaje de electricidad baja en carbono,Electricidad baja en carbono,Renovables y nuclear,anggy jeraldo,North America (EI) - electricidad baja en carbono - 2023,43.375782,% electricidad baja en carbono
Our World in Data,share-electricity-low-carbon,https://ourworldindata.org/grapher/share-electricity-low-carbon,energia-y-sustentabilidad-1,Impacto ambiental de la energia,2026-05-01 16:28:16,Bosnia and Herzegovina,Internacional,2023,Porcentaje de electricidad baja en carbono,Electricidad baja en carbono,Renovables y nuclear,anggy jeraldo,Bosnia and Herzegovina - electricidad baja en carbono - 2023,43.07334,% electricidad baja en carbono
Our World in Data,share-electricity-low-carbon,https://ourworldindata.org/grapher/share-electricity-low-carbon,energia-y-sustentabilidad-1,Impacto ambiental de la energia,2026-05-01 16:28:16,Vietnam,Internacional,2023,Porcentaje de electricidad baja en carbono,Electricidad baja en carbono,Renovables y nuclear,anggy jeraldo,Vietnam - electricidad baja en carbono - 2023,42.940815,% electricidad baja en carbono
Our World in Data,share-electricity-low-carbon,https://ourworldindata.org/grapher/share-electricity-low-carbon,energia-y-sustentabilidad-1,Impacto ambiental de la energia,2026-05-01 16:28:16,Cambodia,Internacional,2023,Porcentaje de electricidad baja en carbono,Electricidad baja en carbono,Renovables y nuclear,anggy jeraldo,Cambodia - electricidad baja en carbono - 2023,42.13235,% electricidad baja en carbono
Our World in Data,share-electricity-low-carbon,https://ourworldindata.org/grapher/share-electricity-low-carbon,energia-y-sustentabilidad-1,Impacto ambiental de la energia,2026-05-01 16:28:16,Turkey,Internacional,2023,Porcentaje de electricidad baja en carbono,Electricidad baja en carbono,Renovables y nuclear,anggy jeraldo,Turkey - electricidad baja en carbono - 2023,42.008816,% electricidad baja en carbono
Our World in Data,share-electricity-low-carbon,https://ourworldindata.org/grapher/share-electricity-low-carbon,energia-y-sustentabilidad-1,Impacto ambiental de la energia,2026-05-01 16:28:16,Oceania,Internacional,2023,Porcentaje de electricidad baja en carbono,Electricidad baja en carbono,Renovables y nuclear,anggy jeraldo,Oceania - electricidad baja en carbono - 2023,41.647877,% electricidad baja en carbono
Our World in Data,share-electricity-low-carbon,https://ourworldindata.org/grapher/share-electricity-low-carbon,energia-y-sustentabilidad-1,Impacto ambiental de la energia,2026-05-01 16:28:16,Oceania (Ember),Internacional,2023,Porcentaje de electricidad baja en carbono,Electricidad baja en carbono,Renovables y nuclear,anggy jeraldo,Oceania (Ember) - electricidad baja en carbono - 2023,41.647877,% electricidad baja en carbono
Our World in Data,share-electricity-low-carbon,https://ourworldindata.org/grapher/share-electricity-low-carbon,energia-y-sustentabilidad-1,Impacto ambiental de la energia,2026-05-01 16:28:16,United States,Internacional,2023,Porcentaje de electricidad baja en carbono,Electricidad baja en carbono,Renovables y nuclear,anggy jeraldo,United States - electricidad baja en carbono - 2023,40.894375,% electricidad baja en carbono
Our World in Data,share-electricity-low-carbon,https://ourworldindata.org/grapher/share-electricity-low-carbon,energia-y-sustentabilidad-1,Impacto ambiental de la energia,2026-05-01 16:28:16,Argentina,Internacional,2023,Porcentaje de electricidad baja en carbono,Electricidad baja en carbono,Renovables y nuclear,anggy jeraldo,Argentina - electricidad baja en carbono - 2023,40.798332,% electricidad baja en carbono
Our World in Data,share-electricity-low-carbon,https://ourworldindata.org/grapher/share-electricity-low-carbon,energia-y-sustentabilidad-1,Impacto ambiental de la energia,2026-05-01 16:28:16,G20 (Ember),Internacional,2023,Porcentaje de electricidad baja en carbono,Electricidad baja en carbono,Renovables y nuclear,anggy jeraldo,G20 (Ember) - electricidad baja en carbono - 2023,40.61269,% electricidad baja en carbono
Our World in Data,share-electricity-low-carbon,https://ourworldindata.org/grapher/share-electricity-low-carbon,energia-y-sustentabilidad-1,Impacto ambiental de la energia,2026-05-01 16:28:16,Palestine,Internacional,2023,Porcentaje de electricidad baja en carbono,Electricidad baja en carbono,Renovables y nuclear,anggy jeraldo,Palestine - electricidad baja en carbono - 2023,40.0,% electricidad baja en carbono
Our World in Data,share-electricity-low-carbon,https://ourworldindata.org/grapher/share-electricity-low-carbon,energia-y-sustentabilidad-1,Impacto ambiental de la energia,2026-05-01 16:28:16,Samoa,Internacional,2023,Porcentaje de electricidad baja en carbono,Electricidad baja en carbono,Renovables y nuclear,anggy jeraldo,Samoa - electricidad baja en carbono - 2023,39.999996,% electricidad baja en carbono
Our World in Data,share-electricity-low-carbon,https://ourworldindata.org/grapher/share-electricity-low-carbon,energia-y-sustentabilidad-1,Impacto ambiental de la energia,2026-05-01 16:28:16,World,Internacional,2023,Porcentaje de electricidad baja en carbono,Electricidad baja en carbono,Renovables y nuclear,anggy jeraldo,World - electricidad baja en carbono - 2023,39.41701,% electricidad baja en carbono
Our World in Data,share-electricity-low-carbon,https://ourworldindata.org/grapher/share-electricity-low-carbon,energia-y-sustentabilidad-1,Impacto ambiental de la energia,2026-05-01 16:28:16,South Korea,Internacional,2023,Porcentaje de electricidad baja en carbono,Electricidad baja en carbono,Renovables y nuclear,anggy jeraldo,South Korea - electricidad baja en carbono - 2023,38.79577,% electricidad baja en carbono
Our World in Data,share-electricity-low-carbon,https://ourworldindata.org/grapher/share-electricity-low-carbon,energia-y-sustentabilidad-1,Impacto ambiental de la energia,2026-05-01 16:28:16,Ghana,Internacional,2023,Porcentaje de electricidad baja en carbono,Electricidad baja en carbono,Renovables y nuclear,anggy jeraldo,Ghana - electricidad baja en carbono - 2023,38.518517,% electricidad baja en carbono
Our World in Data,share-electricity-low-carbon,https://ourworldindata.org/grapher/share-electricity-low-carbon,energia-y-sustentabilidad-1,Impacto ambiental de la energia,2026-05-01 16:28:16,Russia,Internacional,2023,Porcentaje de electricidad baja en carbono,Electricidad baja en carbono,Renovables y nuclear,anggy jeraldo,Russia - electricidad baja en carbono - 2023,36.196053,% electricidad baja en carbono
Our World in Data,share-electricity-low-carbon,https://ourworldindata.org/grapher/share-electricity-low-carbon,energia-y-sustentabilidad-1,Impacto ambiental de la energia,2026-05-01 16:28:16,Upper-middle-income countries,Internacional,2023,Porcentaje de electricidad baja en carbono,Electricidad baja en carbono,Renovables y nuclear,anggy jeraldo,Upper-middle-income countries - electricidad baja en carbono - 2023,35.973625,% electricidad baja en carbono
Our World in Data,share-electricity-low-carbon,https://ourworldindata.org/grapher/share-electricity-low-carbon,energia-y-sustentabilidad-1,Impacto ambiental de la energia,2026-05-01 16:28:16,Gabon,Internacional,2023,Porcentaje de electricidad baja en carbono,Electricidad baja en carbono,Renovables y nuclear,anggy jeraldo,Gabon - electricidad baja en carbono - 2023,35.521236,% electricidad baja en carbono
Our World in Data,share-electricity-low-carbon,https://ourworldindata.org/grapher/share-electricity-low-carbon,energia-y-sustentabilidad-1,Impacto ambiental de la energia,2026-05-01 16:28:16,Guadeloupe,Internacional,2023,Porcentaje de electricidad baja en carbono,Electricidad baja en carbono,Renovables y nuclear,anggy jeraldo,Guadeloupe - electricidad baja en carbono - 2023,35.32934,% electricidad baja en carbono
Our World in Data,share-electricity-low-carbon,https://ourworldindata.org/grapher/share-electricity-low-carbon,energia-y-sustentabilidad-1,Impacto ambiental de la energia,2026-05-01 16:28:16,China,Internacional,2023,Porcentaje de electricidad baja en carbono,Electricidad baja en carbono,Renovables y nuclear,anggy jeraldo,China - electricidad baja en carbono - 2023,35.20285,% electricidad baja en carbono
Our World in Data,share-electricity-low-carbon,https://ourworldindata.org/grapher/share-electricity-low-carbon,energia-y-sustentabilidad-1,Impacto ambiental de la energia,2026-05-01 16:28:16,Djibouti,Internacional,2023,Porcentaje de electricidad baja en carbono,Electricidad baja en carbono,Renovables y nuclear,anggy jeraldo,Djibouti - electricidad baja en carbono - 2023,35.0,% electricidad baja en carbono
Our World in Data,share-electricity-low-carbon,https://ourworldindata.org/grapher/share-electricity-low-carbon,energia-y-sustentabilidad-1,Impacto ambiental de la energia,2026-05-01 16:28:16,Serbia,Internacional,2023,Porcentaje de electricidad baja en carbono,Electricidad baja en carbono,Renovables y nuclear,anggy jeraldo,Serbia - electricidad baja en carbono - 2023,34.960587,% electricidad baja en carbono
Our World in Data,share-electricity-low-carbon,https://ourworldindata.org/grapher/share-electricity-low-carbon,energia-y-sustentabilidad-1,Impacto ambiental de la energia,2026-05-01 16:28:16,Australia,Internacional,2023,Porcentaje de electricidad baja en carbono,Electricidad baja en carbono,Renovables y nuclear,anggy jeraldo,Australia - electricidad baja en carbono - 2023,34.81015,% electricidad baja en carbono
Our World in Data,share-electricity-low-carbon,https://ourworldindata.org/grapher/share-electricity-low-carbon,energia-y-sustentabilidad-1,Impacto ambiental de la energia,2026-05-01 16:28:16,Lebanon,Internacional,2023,Porcentaje de electricidad baja en carbono,Electricidad baja en carbono,Renovables y nuclear,anggy jeraldo,Lebanon - electricidad baja en carbono - 2023,34.076435,% electricidad baja en carbono
Our World in Data,share-electricity-low-carbon,https://ourworldindata.org/grapher/share-electricity-low-carbon,energia-y-sustentabilidad-1,Impacto ambiental de la energia,2026-05-01 16:28:16,French Polynesia,Internacional,2023,Porcentaje de electricidad baja en carbono,Electricidad baja en carbono,Renovables y nuclear,anggy jeraldo,French Polynesia - electricidad baja en carbono - 2023,33.80282,% electricidad baja en carbono
Our World in Data,share-electricity-low-carbon,https://ourworldindata.org/grapher/share-electricity-low-carbon,energia-y-sustentabilidad-1,Impacto ambiental de la energia,2026-05-01 16:28:16,Macao,Internacional,2023,Porcentaje de electricidad baja en carbono,Electricidad baja en carbono,Renovables y nuclear,anggy jeraldo,Macao - electricidad baja en carbono - 2023,33.333332,% electricidad baja en carbono
Our World in Data,share-electricity-low-carbon,https://ourworldindata.org/grapher/share-electricity-low-carbon,energia-y-sustentabilidad-1,Impacto ambiental de la energia,2026-05-01 16:28:16,Bolivia,Internacional,2023,Porcentaje de electricidad baja en carbono,Electricidad baja en carbono,Renovables y nuclear,anggy jeraldo,Bolivia - electricidad baja en carbono - 2023,33.30677,% electricidad baja en carbono
Our World in Data,share-electricity-low-carbon,https://ourworldindata.org/grapher/share-electricity-low-carbon,energia-y-sustentabilidad-1,Impacto ambiental de la energia,2026-05-01 16:28:16,Non-OECD (EI),Internacional,2023,Porcentaje de electricidad baja en carbono,Electricidad baja en carbono,Renovables y nuclear,anggy jeraldo,Non-OECD (EI) - electricidad baja en carbono - 2023,33.185364,% electricidad baja en carbono
Our World in Data,share-electricity-low-carbon,https://ourworldindata.org/grapher/share-electricity-low-carbon,energia-y-sustentabilidad-1,Impacto ambiental de la energia,2026-05-01 16:28:16,CIS (EI),Internacional,2023,Porcentaje de electricidad baja en carbono,Electricidad baja en carbono,Renovables y nuclear,anggy jeraldo,CIS (EI) - electricidad baja en carbono - 2023,32.92963,% electricidad baja en carbono
Our World in Data,share-electricity-low-carbon,https://ourworldindata.org/grapher/share-electricity-low-carbon,energia-y-sustentabilidad-1,Impacto ambiental de la energia,2026-05-01 16:28:16,Asia Pacific (EI),Internacional,2023,Porcentaje de electricidad baja en carbono,Electricidad baja en carbono,Renovables y nuclear,anggy jeraldo,Asia Pacific (EI) - electricidad baja en carbono - 2023,32.24639,% electricidad baja en carbono
Our World in Data,share-electricity-low-carbon,https://ourworldindata.org/grapher/share-electricity-low-carbon,energia-y-sustentabilidad-1,Impacto ambiental de la energia,2026-05-01 16:28:16,North Macedonia,Internacional,2023,Porcentaje de electricidad baja en carbono,Electricidad baja en carbono,Renovables y nuclear,anggy jeraldo,North Macedonia - electricidad baja en carbono - 2023,32.075474,% electricidad baja en carbono
Our World in Data,share-electricity-low-carbon,https://ourworldindata.org/grapher/share-electricity-low-carbon,energia-y-sustentabilidad-1,Impacto ambiental de la energia,2026-05-01 16:28:16,Asia (Ember),Internacional,2023,Porcentaje de electricidad baja en carbono,Electricidad baja en carbono,Renovables y nuclear,anggy jeraldo,Asia (Ember) - electricidad baja en carbono - 2023,31.898777,% electricidad baja en carbono
Our World in Data,share-electricity-low-carbon,https://ourworldindata.org/grapher/share-electricity-low-carbon,energia-y-sustentabilidad-1,Impacto ambiental de la energia,2026-05-01 16:28:16,Belarus,Internacional,2023,Porcentaje de electricidad baja en carbono,Electricidad baja en carbono,Renovables y nuclear,anggy jeraldo,Belarus - electricidad baja en carbono - 2023,31.312887,% electricidad baja en carbono
Our World in Data,share-electricity-low-carbon,https://ourworldindata.org/grapher/share-electricity-low-carbon,energia-y-sustentabilidad-1,Impacto ambiental de la energia,2026-05-01 16:28:16,Western Africa (EI),Internacional,2023,Porcentaje de electricidad baja en carbono,Electricidad baja en carbono,Renovables y nuclear,anggy jeraldo,Western Africa (EI) - electricidad baja en carbono - 2023,30.198399,% electricidad baja en carbono
Our World in Data,share-electricity-low-carbon,https://ourworldindata.org/grapher/share-electricity-low-carbon,energia-y-sustentabilidad-1,Impacto ambiental de la energia,2026-05-01 16:28:16,Cote d'Ivoire,Internacional,2023,Porcentaje de electricidad baja en carbono,Electricidad baja en carbono,Renovables y nuclear,anggy jeraldo,Cote d'Ivoire - electricidad baja en carbono - 2023,30.14572,% electricidad baja en carbono
Our World in Data,share-electricity-low-carbon,https://ourworldindata.org/grapher/share-electricity-low-carbon,energia-y-sustentabilidad-1,Impacto ambiental de la energia,2026-05-01 16:28:16,Asia,Internacional,2023,Porcentaje de electricidad baja en carbono,Electricidad baja en carbono,Renovables y nuclear,anggy jeraldo,Asia - electricidad baja en carbono - 2023,29.953697,% electricidad baja en carbono
Our World in Data,share-electricity-low-carbon,https://ourworldindata.org/grapher/share-electricity-low-carbon,energia-y-sustentabilidad-1,Impacto ambiental de la energia,2026-05-01 16:28:16,Japan,Internacional,2023,Porcentaje de electricidad baja en carbono,Electricidad baja en carbono,Renovables y nuclear,anggy jeraldo,Japan - electricidad baja en carbono - 2023,29.831238,% electricidad baja en carbono
Our World in Data,share-electricity-low-carbon,https://ourworldindata.org/grapher/share-electricity-low-carbon,energia-y-sustentabilidad-1,Impacto ambiental de la energia,2026-05-01 16:28:16,United Arab Emirates,Internacional,2023,Porcentaje de electricidad baja en carbono,Electricidad baja en carbono,Renovables y nuclear,anggy jeraldo,United Arab Emirates - electricidad baja en carbono - 2023,29.314154,% electricidad baja en carbono
Our World in Data,share-electricity-low-carbon,https://ourworldindata.org/grapher/share-electricity-low-carbon,energia-y-sustentabilidad-1,Impacto ambiental de la energia,2026-05-01 16:28:16,Cape Verde,Internacional,2023,Porcentaje de electricidad baja en carbono,Electricidad baja en carbono,Renovables y nuclear,anggy jeraldo,Cape Verde - electricidad baja en carbono - 2023,28.0,% electricidad baja en carbono
Our World in Data,share-electricity-low-carbon,https://ourworldindata.org/grapher/share-electricity-low-carbon,energia-y-sustentabilidad-1,Impacto ambiental de la energia,2026-05-01 16:28:16,Poland,Internacional,2023,Porcentaje de electricidad baja en carbono,Electricidad baja en carbono,Renovables y nuclear,anggy jeraldo,Poland - electricidad baja en carbono - 2023,27.706621,% electricidad baja en carbono
Our World in Data,share-electricity-low-carbon,https://ourworldindata.org/grapher/share-electricity-low-carbon,energia-y-sustentabilidad-1,Impacto ambiental de la energia,2026-05-01 16:28:16,Lower-middle-income countries,Internacional,2023,Porcentaje de electricidad baja en carbono,Electricidad baja en carbono,Renovables y nuclear,anggy jeraldo,Lower-middle-income countries - electricidad baja en carbono - 2023,27.220964,% electricidad baja en carbono
Our World in Data,share-electricity-low-carbon,https://ourworldindata.org/grapher/share-electricity-low-carbon,energia-y-sustentabilidad-1,Impacto ambiental de la energia,2026-05-01 16:28:16,Togo,Internacional,2023,Porcentaje de electricidad baja en carbono,Electricidad baja en carbono,Renovables y nuclear,anggy jeraldo,Togo - electricidad baja en carbono - 2023,26.760565,% electricidad baja en carbono
Our World in Data,share-electricity-low-carbon,https://ourworldindata.org/grapher/share-electricity-low-carbon,energia-y-sustentabilidad-1,Impacto ambiental de la energia,2026-05-01 16:28:16,Tanzania,Internacional,2023,Porcentaje de electricidad baja en carbono,Electricidad baja en carbono,Renovables y nuclear,anggy jeraldo,Tanzania - electricidad baja en carbono - 2023,26.490067,% electricidad baja en carbono
Our World in Data,share-electricity-low-carbon,https://ourworldindata.org/grapher/share-electricity-low-carbon,energia-y-sustentabilidad-1,Impacto ambiental de la energia,2026-05-01 16:28:16,New Caledonia,Internacional,2023,Porcentaje de electricidad baja en carbono,Electricidad baja en carbono,Renovables y nuclear,anggy jeraldo,New Caledonia - electricidad baja en carbono - 2023,26.213593,% electricidad baja en carbono
Our World in Data,share-electricity-low-carbon,https://ourworldindata.org/grapher/share-electricity-low-carbon,energia-y-sustentabilidad-1,Impacto ambiental de la energia,2026-05-01 16:28:16,ASEAN (Ember),Internacional,2023,Porcentaje de electricidad baja en carbono,Electricidad baja en carbono,Renovables y nuclear,anggy jeraldo,ASEAN (Ember) - electricidad baja en carbono - 2023,26.164715,% electricidad baja en carbono
Our World in Data,share-electricity-low-carbon,https://ourworldindata.org/grapher/share-electricity-low-carbon,energia-y-sustentabilidad-1,Impacto ambiental de la energia,2026-05-01 16:28:16,Martinique,Internacional,2023,Porcentaje de electricidad baja en carbono,Electricidad baja en carbono,Renovables y nuclear,anggy jeraldo,Martinique - electricidad baja en carbono - 2023,25.827814,% electricidad baja en carbono
Our World in Data,share-electricity-low-carbon,https://ourworldindata.org/grapher/share-electricity-low-carbon,energia-y-sustentabilidad-1,Impacto ambiental de la energia,2026-05-01 16:28:16,Africa,Internacional,2023,Porcentaje de electricidad baja en carbono,Electricidad baja en carbono,Renovables y nuclear,anggy jeraldo,Africa - electricidad baja en carbono - 2023,25.380013,% electricidad baja en carbono
Our World in Data,share-electricity-low-carbon,https://ourworldindata.org/grapher/share-electricity-low-carbon,energia-y-sustentabilidad-1,Impacto ambiental de la energia,2026-05-01 16:28:16,Africa (Ember),Internacional,2023,Porcentaje de electricidad baja en carbono,Electricidad baja en carbono,Renovables y nuclear,anggy jeraldo,Africa (Ember) - electricidad baja en carbono - 2023,25.37756,% electricidad baja en carbono
Our World in Data,share-electricity-low-carbon,https://ourworldindata.org/grapher/share-electricity-low-carbon,energia-y-sustentabilidad-1,Impacto ambiental de la energia,2026-05-01 16:28:16,Africa (EI),Internacional,2023,Porcentaje de electricidad baja en carbono,Electricidad baja en carbono,Renovables y nuclear,anggy jeraldo,Africa (EI) - electricidad baja en carbono - 2023,25.134136,% electricidad baja en carbono
Our World in Data,share-electricity-low-carbon,https://ourworldindata.org/grapher/share-electricity-low-carbon,energia-y-sustentabilidad-1,Impacto ambiental de la energia,2026-05-01 16:28:16,Kiribati,Internacional,2023,Porcentaje de electricidad baja en carbono,Electricidad baja en carbono,Renovables y nuclear,anggy jeraldo,Kiribati - electricidad baja en carbono - 2023,25.0,% electricidad baja en carbono
Our World in Data,share-electricity-low-carbon,https://ourworldindata.org/grapher/share-electricity-low-carbon,energia-y-sustentabilidad-1,Impacto ambiental de la energia,2026-05-01 16:28:16,Vanuatu,Internacional,2023,Porcentaje de electricidad baja en carbono,Electricidad baja en carbono,Renovables y nuclear,anggy jeraldo,Vanuatu - electricidad baja en carbono - 2023,25.0,% electricidad baja en carbono
Our World in Data,share-electricity-low-carbon,https://ourworldindata.org/grapher/share-electricity-low-carbon,energia-y-sustentabilidad-1,Impacto ambiental de la energia,2026-05-01 16:28:16,Equatorial Guinea,Internacional,2023,Porcentaje de electricidad baja en carbono,Electricidad baja en carbono,Renovables y nuclear,anggy jeraldo,Equatorial Guinea - electricidad baja en carbono - 2023,24.475525,% electricidad baja en carbono
Our World in Data,share-electricity-low-carbon,https://ourworldindata.org/grapher/share-electricity-low-carbon,energia-y-sustentabilidad-1,Impacto ambiental de la energia,2026-05-01 16:28:16,Mexico,Internacional,2023,Porcentaje de electricidad baja en carbono,Electricidad baja en carbono,Renovables y nuclear,anggy jeraldo,Mexico - electricidad baja en carbono - 2023,23.790161,% electricidad baja en carbono
Our World in Data,share-electricity-low-carbon,https://ourworldindata.org/grapher/share-electricity-low-carbon,energia-y-sustentabilidad-1,Impacto ambiental de la energia,2026-05-01 16:28:16,Papua New Guinea,Internacional,2023,Porcentaje de electricidad baja en carbono,Electricidad baja en carbono,Renovables y nuclear,anggy jeraldo,Papua New Guinea - electricidad baja en carbono - 2023,23.678646,% electricidad baja en carbono
Our World in Data,share-electricity-low-carbon,https://ourworldindata.org/grapher/share-electricity-low-carbon,energia-y-sustentabilidad-1,Impacto ambiental de la energia,2026-05-01 16:28:16,Congo,Internacional,2023,Porcentaje de electricidad baja en carbono,Electricidad baja en carbono,Renovables y nuclear,anggy jeraldo,Congo - electricidad baja en carbono - 2023,23.507462,% electricidad baja en carbono
Our World in Data,share-electricity-low-carbon,https://ourworldindata.org/grapher/share-electricity-low-carbon,energia-y-sustentabilidad-1,Impacto ambiental de la energia,2026-05-01 16:28:16,Nigeria,Internacional,2023,Porcentaje de electricidad baja en carbono,Electricidad baja en carbono,Renovables y nuclear,anggy jeraldo,Nigeria - electricidad baja en carbono - 2023,22.678398,% electricidad baja en carbono
Our World in Data,share-electricity-low-carbon,https://ourworldindata.org/grapher/share-electricity-low-carbon,energia-y-sustentabilidad-1,Impacto ambiental de la energia,2026-05-01 16:28:16,Haiti,Internacional,2023,Porcentaje de electricidad baja en carbono,Electricidad baja en carbono,Renovables y nuclear,anggy jeraldo,Haiti - electricidad baja en carbono - 2023,22.35294,% electricidad baja en carbono
